Fecha	Seguimiento	OS Blue	Localidad Destino	Punto entrega	Cliente
02-04-2026	4N202604015823-455	2251124562	RETIRO	DOMICILIO	REVESDERECHO
02-04-2026	4N202603314059-480	2251127152	PUNITAQUI	DOMICILIO	REVESDERECHO
02-04-2026	4N202603319128-330	2251130103	POZO ALMONTE	DOMICILIO	CVPOP
02-04-2026	4N202603252769-907	2251130103	POZO ALMONTE	DOMICILIO	CV POP
02-04-2026	4N202603300213-078	2251130103	POZO ALMONTE	DOMICILIO	CV POP
02-04-2026	4N202603312828-974	2251136591	TALTAL	DOMICILIO	CV POP
02-04-2026	4N202603314246-002	2251136591	TALTAL	DOMICILIO	CV POP
02-04-2026	4N202603308395-940	2251136591	TALTAL	DOMICILIO	CV POP
02-04-2026	4N202603306166-074	2251139063	CHILE CHICO	DOMICILIO	CV POP
02-04-2026	4N202603305673-663	2251139063	CHILE CHICO	DOMICILIO	CV POP
02-04-2026	4N202604012651-011	2251139063	CHILE CHICO	DOMICILIO	CV POP
02-04-2026	4N202603311590-156	2251139063	CHILE CHICO	DOMICILIO	CV POP
02-04-2026	4N202603313679-925	2251139063	CHILE CHICO	DOMICILIO	CV POP
02-04-2026	4N202603300228-980	2251139063	CHILE CHICO	DOMICILIO	CV POP
02-04-2026	4N202603319962-515	2251516245	PUERTO VARAS	DOMICILIO	REGINELLA
08-04-2026	4N202604027538-124	2256725962	MAFIL	DOMICILIO	REVESDERECHO
08-04-2026	4N202603257361-423	2256731632	TALTAL	DOMICILIO	CV POP
08-04-2026	4N202603240823-650	2256731632	TALTAL	DOMICILIO	CV POP
08-04-2026	4N202604021210-272	2256730011	CHILE CHICO	DOMICILIO	CV POP
08-04-2026	4N202603315659-836	2256730011	CHILE CHICO	DOMICILIO	CV POP
08-04-2026	4N202604024402-848	2256730011	CHILE CHICO	DOMICILIO	CV POP
08-04-2026	4N202603314214-438	2256730011	CHILE CHICO	DOMICILIO	CV POP
08-04-2026	4N202604023551-091	2256732914	POZO ALMONTE	DOMICILIO	CV POP
09-04-2026	4N202603257129-224	2257375164	TALTAL	DOMICILIO	CV POP
09-04-2026	4N202604076922-197	2257375164	TALTAL	DOMICILIO	CV CAT BELLEZA
09-04-2026	4N202604071582-255	2257379213	CHIILE CHICO	DOMICILIO	CV CAT BELLEZA
09-04-2026	4N202604074525-261	2257380451	POZO ALMONTE	DOMICILIO	CV CAT BELLEZA
09-04-2026	4N202604072325-097	2257381932	ANTOFAGASTA	AGENCIA	GL GROUP
09-04-2026	4N202604070822-673	2257381932	ANTOFAGASTA	AGENCIA	GL GROUP
09-04-2026	4N202604079692-641	2257382853	TOCOPILLA	AGENCIA	GL GROUP
09-04-2026	4N202604089513-596	2257387871	CALAMA	AGENCIA	POSTALEXPRESS
09-04-2026	4N202604072734-874	2257689070	PUTAENDO	DOMICILIO	REGINELLA
09-04-2026	4N202604072734-172	2257689070	PUTAENDO	DOMICILIO	REGINELLA
09-04-2026	4N202604080801-408	2258682075	LOS NICHES	DOMICILIO	RD ECOMMERCE
13-04-2026	4N202603312040-298	2260464194	TALTAL	DOMICILIO	CV POP
13-04-2026	4N202603317841-512	2260464194	TALTAL	DOMICILIO	CV POP
13-04-2026	4N202604014237-035	2260464194	TALTAL	DOMICILIO	CV POP
13-04-2026	4N202604027003-046	2260464194	TALTAL	DOMICILIO	CV POP
13-04-2026	4N202603303857-610	2260464194	TALTAL	DOMICILIO	CV POP
13-04-2026	4N202604092207-104	2260464194	TALTAL	DOMICILIO	CV POP
13-04-2026	4N202604087127-167	2260464194	TALTAL	DOMICILIO	CV CAT DERMO
13-04-2026	4N202604080683-615	2260464194	TALTAL	DOMICILIO	CV CAT DERMO
13-04-2026	4N202604088089-048	2260465535	POZO ALMONTE	DOMICILIO	CV CAT FARMA
13-04-2026	4N202604085173-178	2260465535	POZO ALMONTE	DOMICILIO	CV CAT DERMO
13-04-2026	4N202604097737-544	2260465535	POZO ALMONTE	DOMICILIO	CV POP
13-04-2026	4N202604088468-991	2260469746	CHILE CHICO	DOMICILIO	CV CAT FARMA
13-04-2026	4N202604097610-208	2260469746	CHILE CHICO	DOMICILIO	CV POP
13-04-2026	4N202604083357-044	2260469746	CHILE CHICO	DOMICILIO	CV CAT DERMO
13-04-2026	4N202604091094-072	2260471625	PUNTA ARENAS	AGENCIA	CAJA LOS ANDES - LOZA
13-04-2026	4N202604083032-909	2260478581	PUTAENDO	DOMICILIO	REVESDERECCHO ECOMM
13-04-2026	4N202604083032-059	2260478581	PUTAENDO	DOMICILIO	REVESDERECCHO ECOMM
13-04-2026	4N202604084356-937	2260488683	HUALAIHUE	DOMICILIO	REVESDERECCHO ECOMM
13-04-2026	4N202604069943-221	2260492485	CORRAL	DOMICILIO	REVESDERECCHO ECOMM
13-04-2026	4N202604065031-948	2260496873	MAULLIN	DOMICILIO	REVESDERECCHO ECOMM
13-04-2026	4N202604117248-234	2261465640	CUREPTO	DOMICILIO	REVESDERECCHO ECOMM
14-04-2026	4N202604105523-727	2261889361	CONTULMO	DOMICILIO	USHOP
14-04-2026	4N202604139610-260	2261894736	PRIMAVERA	DOMICILIO	CV VISITA
14-04-2026	Retorno CV773	2261676163	RM	BODEGA	CV RETORNO
15-04-2026	4N202604089334-299	2262333916	PICA	DOMICILIO	REGINELLA
16-04-2026	4N202604154686-027	2264112594	CHILECHICO	DOMICILIO	CV POP
16-04-2026	4N202604151652-561	2264112594	CHILECHICO	DOMICILIO	CV CAT MAMA
16-04-2026	4N202604151907-098	2264115066	TALTAL	DOMICILIO	CV POP
16-04-2026	4N202604159557-058	2264115066	TALTAL	DOMICILIO	CV CAT MAMA
16-04-2026	4N202604155866-440	2264116536	POZO ALMONTE	DOMICILIO	CV POP
16-04-2026	4N202604151983-020	2264116536	POZO ALMONTE	DOMICILIO	CV CAT MAMA
16-04-2026	4N202604153460-667	2264121462	ALTO DEL CARMEN	DOMICILIO	FUCOA
16-04-2026	4N202604159623-282	2264123024	PICA	DOMICILIO	FUCOA
16-04-2026	Retorno BBA	2264064110	4Nortes	DOMICILIO	GLOBAL
16-04-2026	4N202604160622-572	2264169666	PUERTO NATALES	AGENCIA	DISALCAR
16-04-2026	4N202604164180-684	2264170370	ARICA	AGENCIA	DISALCAR
16-04-2026	4N202603300139-307	2264171556	TALTAL	DOMICILIO	CV POP
16-04-2026	4N202604129921-770	2264353663	LICANTEN	DOMICILIO	REVESDERECHO ECOMM
20-04-2026	4N202604169235-430	2266862010	CHILECHICO	DOMICILIO	CV POP
20-04-2026	4N202604165835-497	2266862010	CHILECHICO	DOMICILIO	CV POP
20-04-2026	4N202604166962-231	2266863900	POZO ALMONTE	DOMICILIO	CV POP
20-04-2026	4N202604164753-808	2266863900	POZO ALMONTE	DOMICILIO	CV POP
20-04-2026	4N202604163532-803	2266866151	TALTAL	DOMICILIO	CV POP
20-04-2026	4N202604168792-861	2266866151	TALTAL	DOMICILIO	CV POP
21-04-2026	4N202604160377-125	2267579801	CHILECHICO	DOMICILIO	CV POP
21-04-2026	4N202604160776-555	2267581643	POZO ALMONTE	DOMICILIO	CV POP
21-04-2026	4N202604167780-479	2267582365	TALTAL	DOMICILIO	CV POP
22-04-2026	4N202604200224-670	2268870225	COLBUN	DOMICILIO	REGINELLA
23-04-2026	4N202604205358-683	2269338610	CORRAL	DOMICILIO	REGINELLA
24-04-2026	4N202604220147-180	2270244454	PICA	DOMICILIO	REGINELLA
24-04-2026	4N202604233556-154	2270397441	ANTOFAGASTA	AGENCIA	CV PERFUME
24-04-2026	4N202604237015-635	2270397441	ANTOFAGASTA	AGENCIA	CV PERFUME
24-04-2026	4N202604236314-414	2270397441	ANTOFAGASTA	AGENCIA	CV PERFUME
24-04-2026	4N202604238883-644	2270397441	ANTOFAGASTA	AGENCIA	CV PERFUME
24-04-2026	4N202604236258-843	2270397441	ANTOFAGASTA	AGENCIA	CV PERFUME
24-04-2026	4N202604207133-115	2270397441	ANTOFAGASTA	AGENCIA	GL GROUP
24-04-2026	4N202604230186-544	2270400145	ARICA	AGENCIA	CV PERFUME
24-04-2026	4N202604233686-051	2270400145	ARICA	AGENCIA	CV PERFUME
24-04-2026	4N202604230481-664	2270429556	IQUIQUE	AGENCIA	CV PERFUME
24-04-2026	4N202604232067-106	2270429556	IQUIQUE	AGENCIA	CV PERFUME
24-04-2026	4N202604238406-911	2270405734	PUNTA ARENAS	AGENCIA	CV PERFUME
24-04-2026	4N202604158212-856	2270411371	PRIMAVERA	DOMICILIO	TABLET FEMSA
24-04-2026	4N202604216057-669	2270413611	CHILECHICO	DOMICILIO	CV POP
24-04-2026	4N202604238231-172	2270413611	CHILECHICO	DOMICILIO	CV POP
24-04-2026	4N202604234366-539	2270413611	CHILECHICO	DOMICILIO	CV POP
24-04-2026	4N202604228570-783	2270413611	CHILECHICO	DOMICILIO	CV POP
24-04-2026	4N202604237786-190	2270415044	POZO ALMONTE	DOMICILIO	CV POP
24-04-2026	4N202604220603-112	2270415044	POZO ALMONTE	DOMICILIO	CV POP
24-04-2026	4N202604219372-961	2270415044	POZO ALMONTE	DOMICILIO	CV POP
24-04-2026	4N202604233937-240	2270415044	POZO ALMONTE	DOMICILIO	CV POP
24-04-2026	4N202604239923-093	2270415044	POZO ALMONTE	DOMICILIO	CV POP
24-04-2026	4N202604225612-837	2270416190	TALTAL	DOMICILIO	CV POP
24-04-2026	4N202604215434-891	2270416190	TALTAL	DOMICILIO	CV POP
24-04-2026	4N202604235609-715	2270416190	TALTAL	DOMICILIO	CV POP
24-04-2026	4N202604237376-799	2270416190	TALTAL	DOMICILIO	CV POP
24-04-2026	4N202604228351-318	2270416190	TALTAL	DOMICILIO	CV POP
24-04-2026	4N202604231235-063	2270417575	CALAMA	AGENCIA	CV POP
24-04-2026	4N202604237290-149	2270417575	CALAMA	AGENCIA	CV POP
24-04-2026	4N202604235754-507	2270417575	CALAMA	AGENCIA	CV POP
24-04-2026	4N202604183606-240	2270417575	CALAMA	AGENCIA	REVESDERECHO ECOMM
24-04-2026	4N202604227535-691	2270419200	HUALAÑE	DOMICILIO	REVESDERECHO
28-04-2026	4N202604247300-874	2273364192	FRESIA	DOMICILIO	REGINELLA
28-04-2026	4N202604272603-920	2273396204	FRESIA	DOMICILIO	REGINELLA
28-04-2026	4N202604276465-508	2273546144	ANTOFAGASTA	AGENCIA	CV PERFUME
28-04-2026	4N202604271276-562	2273549364	CALAMA	AGENCIA	CV PERFUME
28-04-2026	4N202604270953-024	2273549364	CALAMA	AGENCIA	CV PERFUME
28-04-2026	4N202604278311-695	2273552050	AYSEN	AGENCIA	CV PERFUME
28-04-2026	4N202604277407-447	2273552050	COCHRANE	AGENCIA	CV PERFUME
28-04-2026	4N202604279093-641	2273552050	COYHAIQUE	AGENCIA	CV PERFUME
28-04-2026	4N202604242220-144	2273553306	CHILECHICO	DOMICILIO	CV POP
28-04-2026	4N202604273082-757	2273555082	POZO ALMONTE	DOMICILIO	SOLVENTA
28-04-2026	4N202604249299-370	2273555082	POZO ALMONTE	DOMICILIO	CV POP
28-04-2026	4N202604232000-476	2273556191	TALTAL	DOMICILIO	CV POP
28-04-2026	4N202604248492-808	2273556191	TALTAL	DOMICILIO	CV POP
28-04-2026	4N202604238530-001	2273555443	PUERTO MONTT	DOMICILIO	REGINELLA
29-04-2026	4N202604290057-241	2275211901	ANTOFAGASTA	AGENCIA	POSTALEXPRESS
29-04-2026	4N202604289384-198	2275201051	ALTO BIO BIO	DOMICILIO	REVESDERECHO ECOMM
29-04-2026	4N202604285157-744	2275203302	SANTA BARBARA	DOMICILIO	REVESDERECHOECOMM
29-04-2026	4N202604296430-004	2279552144	CALAMA	AGENCIA	CV PERFUME
29-04-2026	4N202604299018-250	2279552144	CALAMA	AGENCIA	CV PERFUME
29-04-2026	4N202604282705-366	2279552144	CALAMA	AGENCIA	CV PERFUME
29-04-2026	4N202604286994-835	2279552144	SAN PEDRO DE ATACAMA	AGENCIA	CV PERFUME
29-04-2026	4N202604290187-425	2275213253	ANTOFAGASTA	AGENCIA	CV PERFUME
29-04-2026	4N202604295253-884	2275213253	ANTOFAGASTA	AGENCIA	CV PERFUME
29-04-2026	4N202604280708-492	2275213253	ANTOFAGASTA	AGENCIA	CV PERFUME
29-04-2026	4N202604284619-114	2275215471	PUERTO AYSEN	AGENCIA	CV PERFUME
29-04-2026	4N202604288746-196	2275215471	COYHAIQUE	AGENCIA	CV PERFUME
29-04-2026	4N202604289826-030	2275216952	ARICA	AGENCIA	CV PERFUME
29-04-2026	4N202604293565-483	2275222294	IQUIQUE	AGENCIA	CV PERFUME
29-04-2026	4N202604280048-212	2275223521	PUERTO NATALES	AGENCIA	CV PERFUME
30-04-2026	4N202604270096-553	2275267212	VICHUQUEN	DOMICILIO	RD ECOMMERCE
04-05-2026	4N202604298769-608	2277987924	Parral (sector rural)	DOMICILIO	RD ECOMMERCE
04-05-2026	4N202604301544-017	2279554244	ARICA	AGENCIA	CV PERFUME
04-05-2026	4N202604304892-135	2279555666	COIHAYQUE	AGENCIA	CV PERFUME
04-05-2026	4N202604299963-976	2279557232	CHILECHICO	DOMICILIO	CV POP
04-05-2026	4N202604296827-221	2279560636	POZO ALMONTE	DOMICILIO	CV POP
04-05-2026	4N202604296073-643	2279561966	TALTAL	DOMICILIO	CV POP
05-05-2026	4N202605014839-014	2279575734	HUALAÑE		
05-05-2026	4N202605016678-261	2279578501	PUERTO OCTAY		
05-05-2026	4N202605010836-685	2279583880	CATEMU		
05-05-2026	4N202604302681-249	2279587741	MAULE		
05-05-2026	4N202605010014-682	2279596863	VICHUQUEN		
05-05-2026	4N202605015587-247	2279596863	VICHUQUEN		
05-05-2026	4N202605043171-319	2279600514	PENCAHUE		
05-05-2026	4N202604299963-976	2279603771	CHILE CHICO		CRUZ VERDE
05-05-2026	4N202605040297-842	2279603771	CHILE CHICO		CRUZ VERDE
05-05-2026	4N202604296073-643	2279606663	TALTAL		CRUZ VERDE
05-05-2026	4N202605045857-059	2279606663	TALTAL		CRUZ VERDE
05-05-2026	4N202604296827-221	2279608435	POZO ALMONTE		CRUZ VERDE
05-05-2026	4N202605040623-393	2279608435	POZO ALMONTE		CRUZ VERDE
05-05-2026	4N202605049661-270	2279610675	AYSEN	AGENCIA	CRUZ VERDE
05-05-2026	4N202604304892-135	2279610675	COYHAIQUE	AGENCIA	CRUZ VERDE
05-05-2026	4N202604286994-835	2279618460	SAN PEDRO DE ATACAMA	AGENCIA	CRUZ VERDE
05-05-2026	4N202604299018-250	2279618460	CALAMA	AGENCIA	CRUZ VERDE
05-05-2026	4N202604296430-004	2279618460	CALAMA	AGENCIA	CRUZ VERDE
05-05-2026	4N202604282705-366	2279618460	CALAMA	AGENCIA	CRUZ VERDE
05-05-2026	4N202605046339-316	2279618460	CALAMA	AGENCIA	CRUZ VERDE
05-05-2026	4N202605047669-903	2279618460	CALAMA	AGENCIA	CRUZ VERDE
05-05-2026	4N202605040089-498	2279620534	ANTOFAGASTA	AGENCIA	CRUZ VERDE
05-05-2026	4N202605048906-466	2279620534	ANTOFAGASTA	AGENCIA	CRUZ VERDE
06-05-2026	4N202605058968	2280820765	Antofagasta	AGENCIA	SMU baterias
06-05-2026	4N202605059276	2280820765	Antofagasta	AGENCIA	SMU baterias
06-05-2026	4N202605050128	2280820765	Antofagasta	AGENCIA	SMU baterias
06-05-2026	4N202605055236	2280820765	Antofagasta	AGENCIA	SMU baterias
06-05-2026	4N202605055727	2280820765	Antofagasta	AGENCIA	SMU baterias
06-05-2026	4N202605054822	2280820765	Antofagasta	AGENCIA	SMU baterias
06-05-2026	4N202605052369	2280820765	Antofagasta	AGENCIA	SMU baterias
06-05-2026	4N202605059145	2280913272	Punta Arenas	AGENCIA	SMU baterias
06-05-2026	4N202605051985	2280913272	Punta Arenas	AGENCIA	SMU baterias
06-05-2026	4N202605056825	2280913272	Punta Arenas	AGENCIA	SMU baterias
06-05-2026	4N202605056197	2280913272	Punta Arenas	AGENCIA	SMU baterias
06-05-2026	4N202605058461	2280913272	Punta Arenas	AGENCIA	SMU baterias
06-05-2026	4N202605055811	2280967743	Calama	AGENCIA	SMU baterias
06-05-2026	4N202605055761	2280967743	Calama	AGENCIA	SMU baterias
06-05-2026	4N202605055619	2280967743	Calama	AGENCIA	SMU baterias
06-05-2026	4N202605050029	2280967743	Calama	AGENCIA	SMU baterias
06-05-2026	4N202605057789	2280967743	Tocopilla	AGENCIA	SMU baterias
06-05-2026	4N202605059381	2280971652	Arica	AGENCIA	SMU baterias
06-05-2026	4N202605055522	2280971652	Arica	AGENCIA	SMU baterias
06-05-2026	4N202605051239	2280977252	Iquique	AGENCIA	SMU baterias
06-05-2026	4N202605051088	2280977252	Iquique	AGENCIA	SMU baterias
06-05-2026	4N202605050869	2280977252	Iquique	AGENCIA	SMU baterias
06-05-2026	4N202605052354	2280977252	Iquique	AGENCIA	SMU baterias
06-05-2026	4N202605055253	2280977252	Iquique	AGENCIA	SMU baterias
06-05-2026	4N202605058786	2280978696	Puerto Aysen	AGENCIA	SMU baterias
06-05-2026	4N202605044021-367	2280981275	ARICA	AGENCIA	CV PERFUME
06-05-2026	4N202604301544-017	2280981275	ARICA	AGENCIA	CV PERFUME
06-05-2026	4N202605045792-415	2280984926	IQUIQUE	AGENCIA	CV PERFUME
06-05-2026	4N202605041915-379	2280984926	IQUIQUE	AGENCIA	CV PERFUME
06-05-2026	4N202605049695-814	2280986702	ANTOFAGASTA	AGENCIA	CV PERFUME
06-05-2026	4N202605046516-237	2280986702	ANTOFAGASTA	AGENCIA	CV PERFUME
06-05-2026	4N202605045275-098	2280986702	ANTOFAGASTA	AGENCIA	CV PERFUME
06-05-2026	4N202605040552-846	2280991974	TOCOPILLA	AGENCIA	CV PERFUME
06-05-2026	4N202605047679-233	2280991974	CALAMA	AGENCIA	CV PERFUME
06-05-2026	4N202605046049-797	2280993934	PUNTA AREANAS	AGENCIA	CV PERFUME
06-05-2026	4N202605047559-780	2280993934	PUERTO NATALES	AGENCIA	CV PERFUME
06-05-2026	4N202605049425-171	2281001262	COIHAYQUE	AGENCIA	CV PERFUME
06-05-2026	4N202604297973-023	2281001951	CHILE CHICO	DOMICILIO	CV POP
06-05-2026	4N202604291526-220	2281002500	POZO ALMONTE	DOMICILIO	CV POP
06-05-2026	4N202604298659-212	2281004224	TALTAL	DOMICILIO	CV POP
07-05-2026	4N202605054206-854	2282515734	CUREPTO	DOMICILIO	RD ECOMM
07-05-2026	4N202605057431-128	2282521430	CUREPTO	DOMICILIO	RD ECOMM
07-05-2026	4N202605032819-552	2282525033	PICHIDEGUA	DOMICILIO	RD ECOMM
07-05-2026	4N202605051314-026	2282534214	CATEMU	DOMICILIO	RD ECOMM
07-05-2026	4N202605057583-229	2282536605	VICHUQUEN	DOMICILIO	GRAFICA QUILICURA
07-05-2026	4N202605055175-590	2282540654	MARIA ELENA	DOMICILIO	GRAFICA QUILICURA
07-05-2026	4N202605050841-061	2282540654	MARIA ELENA	DOMICILIO	GRAFICA QUILICURA
07-05-2026	4N202605063400-719	2282542334	CHILE CHICO	DOMICILIO	CV POP
07-05-2026	4N202605069520-530	2282543620	POZO ALMONTE	DOMICILIO	CV POP
07-05-2026	4N202605061915-598	2282546254	TALTAL	DOMICILIO	CV POP
08-05-2026	4N202605079654-896	2282549802	COYHAIQUE	AGENCIA	DISALCAR
08-05-2026	4N202605061653-546	2282554816	CALAMA	AGENCIA	CV VISITA BOTIQUIN
08-05-2026	4N202605044231-523	2282555925	ANTOFAGASTA	AGENCIA	MCO PERFUME
08-05-2026	4N202605045188-080	2282555925	ANTOFAGASTA	AGENCIA	MCO PERFUME
08-05-2026	4N202605040820-352	2282554816	CALAMA	AGENCIA	MCO PERFUME
08-05-2026	4N202605048370-083	2282554816	CALAMA	AGENCIA	MCO PERFUME
08-05-2026	4N202605043560-426	2282554816	CALAMA	AGENCIA	MCO PERFUME
08-05-2026	4N202605049869-956	2282554816	TOCOPILLA	AGENCIA	MCO PERFUME
08-05-2026	4N202605041740-719	2282558040	IQUIQUE	AGENCIA	MCO PERFUME
08-05-2026	4N202605042865-147	2282558040	IQUIQUE	AGENCIA	MCO PERFUME
08-05-2026	4N202605049434-837	2282558040	ALTO HOSPICIO	AGENCIA	MCO PERFUME
08-05-2026	4N202605046829-203	2282559694	ARICA	AGENCIA	MCO PERFUME
08-05-2026	4N202605043583-054	2282559694	ARICA	AGENCIA	MCO PERFUME
08-05-2026	4N202605044328-782	2282560490	PUNTA ARENAS	AGENCIA	MCO PERFUME
08-05-2026	4N202605043138-476	2282549802	COYHAIQUE	AGENCIA	MCO PERFUME
08-05-2026		2282987243	4Nortes	DomICILIO	Retorno Tablet desde Calama
11-05-2026	4N202605083849-305	2285450230	TALTAL	DOMICILIO	CV CAT BIENESTAR
11-05-2026	4N202605083303-926	2285450230	TALTAL	DOMICILIO	CV POP
11-05-2026	4N202605086500-497	2285451652	POZO ALMONTE	DOMICILIO	CV CAT BIENESTAR
11-05-2026	4N202605087215-268	2285452514	CHILE CHICO	DOMICILIO	CV CAT BIENESTAR
12-05-2026	4N202605052735-954	2285499963	PUERTO OCTAY	DOMICILIO	GRAFICA QUILICURA
14-05-2026	4N202605114856-477	2286971610	PELLUHUE	DOMICILIO	RD ECOMMERCE
14-05-2026	4N202605121331-426	2286973990	CALAMA	AGENCIA	GL GROUP
15-05-2026	4N202605142805-818	2287697775	ALTO DEL CARMEN	DOMICILIO	FUCOA
15-05-2026	4N202605141834-511	2287706470	PICA	DOMICILIO	FUCOA
15-05-2026	4N202605136146-553	2287421603	TONGOY	DOMICILIO	RD ECOMMERCE
15-05-2026	4N202605111766-363	2287707483	CHILE CHICO	DOMICILIO	CV POP
15-05-2026	4N202605114220-527	2287707962	TALTAL	DOMICILIO	CV POP
15-05-2026	4N202605113454-355	2287709082	POZO ALMONTE	DOMICILIO	CV POP
19-05-2026	4N202605179286-130	2290763086	MARIA PINTO	DOMICILIO	RD ECOMM
19-05-2026	4N202605159652-913	2290765396	LAGO RANCO	DOMICILIO	RD ECOMM
19-05-2026	4N202605155860-796	2290487161	FRESIA	DOMICILIO	REGINELLA
19-05-2026	4N202605155860-671	2290487161	FRESIA	DOMICILIO	REGINELLA
22-05-2026	4N202605181098-927	2292704153	LOLOL	DOMICILIO	RD ECOMM
22-05-2026	4N202605183381-102	2292706636	LONGAVI	DOMICILIO	RD ECOMM
22-05-2026	4N202605190240-971	2292709996	POZO ALMONTE	DOMICILIO	CV POP
22-05-2026	4N202605191391-270	2292718201	TALTAL	DOMICILIO	CV POP
22-05-2026	4N202605193949-434	2292720054	CHILE CHICO	DOMICILIO	CV POP
22-05-2026	4N202605192077-834	2292709996	POZO ALMONTE	DOMICILIO	CV POP
22-05-2026	4N202605199988-016	2292720054	CHILE CHICO	DOMICILIO	CV POP
22-05-2026	4N202605191337-482	2292718201	TALTAL	DOMICILIO	CV POP
22-05-2026	4N202605194433-690	2292720054	CHILE CHICO	DOMICILIO	CV POP
22-05-2026	4N202605194225-230	2292709996	POZO ALMONTE	DOMICILIO	CV POP
22-05-2026	4N202605194756-569	2292718201	TALTAL	DOMICILIO	CV POP
22-05-2026	4N202605191567-529	2292720054	CHILE CHICO	DOMICILIO	CV POP
22-05-2026	4N202605195287-983	2292709996	POZO ALMONTE	DOMICILIO	CV POP
22-05-2026	4N202605193895-037	2292718201	TALTAL	DOMICILIO	CV POP
22-05-2026	4N202605205051-546	2292720054	CHILE CHICO	DOMICILIO	CV POP
22-05-2026	4N202605204942-102	2292709996	POZO ALMONTE	DOMICILIO	CV POP
22-05-2026	4N202605203091-357	2292718201	TALTAL	DOMICILIO	CV POP
22-05-2026	4N202605204904-803	2292709996	POZO ALMONTE	DOMICILIO	CV POP
22-05-2026	4N202605205657-344	2292718201	TALTAL	DOMICILIO	CV POP
22-05-2026	4N202605202207-591	2292722390	ARICA	AGENCIA	OPIA NATURA MADRES
22-05-2026	4N202605205275-836	2292724033	ANTOFAGASTA	AGENCIA	OPIA NATURA MADRES
22-05-2026	4N202605202113-460	2292724033	ANTOFAGASTA	AGENCIA	OPIA NATURA MADRES
22-05-2026	4N202605202585-135	2292726855	IQUIQUE	AGENCIA	OPIA NATURA MADRES
22-05-2026	4N202605205381-268	2292728701	CALAMA	AGENCIA	OPIA NATURA MADRES
22-05-2026	4N202605205849-227	2292729736	PUNTA ARENAS	AGENCIA	OPIA NATURA MADRES
25-05-2026	4N202605204031-857	2294527034	PICA	DOMICILIO	REGINELLA
25-05-2026		2294738670	PUNTA ARENAS	RETORNO	GLOBAL COURIER
26-05-2026	4N202605219997-395	2295523296	Lolol	DOMICILIO	RD ECOMMERCE
26-05-2026	4N202605222540-253	2295531394	Futaleufu	DOMICILIO	RD ECOMMERCE
26-05-2026	4N202605227215-105	2295536935	San Nicolas	DOMICILIO	REGINELLA
26-05-2026	4N202605190511-707	2295546105	Quemchi	DOMICILIO	REGINELLA
26-05-2026	4N202605259530-439	2296545845	TALTAL	DOMICILIO	CV POP
26-05-2026	4N202605254738-279	2296545845	TALTAL	DOMICILIO	CV POP
26-05-2026	4N202605255300-284	2296545845	TALTAL	DOMICILIO	CV POP
26-05-2026	4N202605254769-025	2295694634	POZO ALMONTE	DOMICILIO	CV POP
26-05-2026	4N202605257741-879	2295694634	POZO ALMONTE	DOMICILIO	CV POP
26-05-2026	4N202605254717-944	2295694634	POZO ALMONTE	DOMICILIO	CV POP
26-05-2026	4N202605258769-105	2295697386	CHILE CHICO	DOMICILIO	CV POP
26-05-2026	4N202605259785-951	2295697386	CHILE CHICO	DOMICILIO	CV POP
26-05-2026	4N202605220402-072	2295699674	PUNTA ARENAS	AGENCIA	OPIA FUERZA VENTA
26-05-2026	4N202605220630-248	2295699674	PUNTA ARENAS	AGENCIA	OPIA FUERZA VENTA
26-05-2026	4N202605236572	2295688706	Pullehue	DOMICILIO	RD ECOMMERCE
26-05-2026	4N202605260924-716	2295868934	QUINTA DE TILCOCO	DOMICILIO	REGINELLA
27-05-2026	4N20260266341-385	2296551622	PRIMAVERA	DOMICILIO	CV VISITA FOLLETOS
27-05-2026	4N202605269592-868	2296552742	CHILE CHICO	DOMICILIO	CV POP
27-05-2026	4N202605265365-610	2296552742	CHILE CHICO	DOMICILIO	CV POP
27-05-2026	4N202605260836-846	2296554164	POZO ALMONTE	DOMICILIO	CV POP
27-05-2026	4N202605268468-364	2296554164	POZO ALMONTE	DOMICILIO	CV POP
27-05-2026	4N202605262974-479	2296554164	POZO ALMONTE	DOMICILIO	CV POP
27-05-2026	4N202605267006-345	2296556802	TALTAL	DOMICILIO	CV POP
27-05-2026	4N202605261486-733	2296556802	TALTAL	DOMICILIO	CV POP
28-05-2026	4N202605261282-165	2297312220	HIJUELAS	DOMICILIO	REGINELLA
28-05-2026	4N202605279245-214	2297314902	HIJUELAS	DOMICILIO	RD ECOMM
28-05-2026	4N202605223181-004	2297315996	ANTOFAGASTA	AGENCIA	OPIA FUERZA VENTA
28-05-2026	4N202605221542-455	2297315996	ANTOFAGASTA	AGENCIA	OPIA FUERZA VENTA
28-05-2026	4N202605227335-989	2297316711	COYHAIQUE	AGENCIA	OPIA FUERZA VENTA
28-05-2026	4N202605222296-668	2297318122	ALTO HOSPICIO	AGENCIA	OPIA FUERZA VENTA
28-05-2026	4N202605226064-909	2297320546	CALAMA	AGENCIA	OPIA FUERZA VENTA
01-06-2026	4N202605279719-896	2298083082	LAGO RANCO	DOMICILIO	Reginella
01-06-2026	4N202605279719-269	2298083082	LAGO RANCO	DOMICILIO	Reginella
01-06-2026	4N202605289596-430	2298107825	Litueche	DOMICILIO	RD ecommerce
01-06-2026	4N202605274665-161	2300589292	Quemchi	DOMICILIO	Reginella
02-06-2026	4N202606019211-592	2305730136	PICHIDANGUI	DOMICILIO	Reginella
02-06-2026	4N202605301871-910	2303728921	LICANTEN	DOMICILIO	RD ECOMM
02-06-2026	4N202605309403-816	2303744435	MAULLIN	DOMICILIO	RD ECOMM
02-06-2026	4N202605270376-527	2303755381	POZO ALMONTE	AGENCIA	CV CAT BIENFARM
02-06-2026	4N202605276372-439	2303757481	TALTAL	AGENCIA	CV CAT BIENFARM
02-06-2026	4N202605275962-391	2303760034	CHILE CHICO	AGENCIA	CV CAT BIENFARM
03-06-2026	4N202605310088-441	2305632335	LICANTEN	DOMICILIO	RD ECOMM
03-06-2026	4N202605318372-633	2305643185	CISNES	DOMICILIO	RD ECOMM
03-06-2026	4N202605313851-245	2305673985	PICA	DOMICILIO	RD ECOMM
03-06-2026	4N202606017614-003	2305688921	PAREDONES	DOMICILIO	RD ECOMM
03-06-2026	4N202605317902-830	2305696923	PALMILLA	DOMICILIO	RD ECOMM
03-06-2026	4N202606016674-987	2305701893	LAGO RANCO	DOMICILIO	RD ECOMM
03-06-2026	4N202606012297-224	2305708182	HUALAÑE	DOMICILIO	RD ECOMM
03-06-2026	4N202605296214-826	2305712942	CONTULMO	DOMICILIO	RD ECOMM
03-06-2026	4N202606013663-468	2305719636	Pelluhue	DOMICILIO	RD ECOMM
03-06-2026	4N202606021531-133	2305740135	Rio Claro	DOMICILIO	Reginella
03-06-2026	4N202606014770-256	2305746041	Yerbas Buenas	DOMICILIO	Reginella
04-06-2026	4N202606019708-397	2307627276	Lolol	DOMICILIO	RD ecommerce
04-06-2026	4N202606013375-185	2307850355	HIJUELAS	DOMICILIO	RD ecommerce
04-06-2026	4N202606038667-874	2307854636	POZO ALMONTE	DOMICILIO	CV POP
04-06-2026	4N202606039068-759	2307861426	Taltal	DOMICILIO	CV POP
04-06-2026	4N202606039931-471	2307865873	Chile Chico	DOMICILIO	CV POP
05-06-2026	4N202606034616-875	2309585272	COBQUECURA	DOMICILIO	RD ECOMM
05-06-2026	4N202606036093-848	2309589586	COBQUECURA	DOMICILIO	RD ECOMM
08-06-2026	4N202606023048-873	2311874036	Pelluhue	DOMICILIO	RD ECOMM
08-06-2026	4N202606038658-494	2312163011	Pica	DOMICILIO	RD ECOMM
08-06-2026	4N202606050679-155	2312173275	Pozo Almonte	DOMICILIO	CV POP
08-06-2026	4N202606051155-419	2312175143	Taltal	DOMICILIO	CV POP
08-06-2026	4N202606051223-050	2312267473	Retiro	DOMICILIO	Reginella
08-06-2026	4N202606057150-347	2312180555	Chile Chico	DOMICILIO	CV POP
09-06-2026	4N202606043908-932	2313435806	PUNITAQUI	DOMICILIO	RD ECOMM
09-06-2026	4N202606040366-425	2313442880	TALTAL	DOMICILIO	RD ECOMM
09-06-2026	4N202606040561-649	2313446041	MAULLIN	DOMICILIO	RD ECOMM
09-06-2026	4N202606080059-327	2313447846	Chile Chico	DOMICILIO	CV POP
09-06-2026	4N202606039931-471	2313447846	Chile Chico	DOMICILIO	CV POP
09-06-2026	4N202606082633-169	2313450764	Pozo Almonte	DOMICILIO	CV POP
09-06-2026	4N202606038667-874	2313450764	Pozo Almonte	DOMICILIO	CV POP
09-06-2026	4N202606082655-015	2313453494	TALTAL	DOMICILIO	CV POP
09-06-2026	4N202606039068-759	2313453494	TALTAL	DOMICILIO	CV POP
09-06-2026	4N202606089718-408	2313455465	Puerto Aysen	AGENCIA	CV VISITA
09-06-2026	4N202606088208-225	2313463401	IQUIQUE	AGENCIA	DISALCAR
09-06-2026	4N202606043515-305	2313746260	-	DOMICILIO	RD ecommerce
09-06-2026	4N202606046207-57	2314368545	Frutillar	DOMICILIO	RD ecommerce
09-06-2026	4N202606099739-451	2314402915	Tongoy	DOMICILIO	Reginella
10-06-2026	4N202606061644-662	2314413194	Corral	DOMICILIO	RD ecommerce
10-06-2026	4N202606091132-646	2314424895	Taltal	DOMICILIO	CV POP
10-06-2026	4N202606095089-978	2314433973	Palmilla	DOMICILIO	Reginella
10-06-2026	4N202606096442-793	2314436331	Pozo Almonte	DOMICILIO	CV POP
10-06-2026	4N202606098010-810	2314437974	Chile Chico	DOMICILIO	CV POP
11-06-2026	4N202606101498-855	2315808191	Chile Chico	DOMICILIO	CV POP
11-06-2026	4N202606103719-363	2315809075	Pozo Almonte	DOMICILIO	CV POP
11-06-2026	4N202606103212-255	2315810221	Taltal	DOMICILIO	CV POP
11-06-2026	4N202606076430-598	2315813113	PUMANQUE	DOMICILIO	RDECOMM
11-06-2026	4N202606041060	2315801832	Curepto	DOMICILIO	RDECOMM
11-06-2026	4N202606093498	2315803781	Longavi	DOMICILIO	RDECOMM
11-06-2026	4N202606090678-954	2315817044	Taltal	DOMICILIO	CV POP
11-06-2026	4N202606092444-289	2315819391	Pozo Almonte	DOMICILIO	CV POP
11-06-2026	4N202606099423-757	2315820334	Chile Chico	DOMICILIO	CV POP
12-06-2026	4N202606104932-471	2316717922	Chile Chico	DOMICILIO	CV POP
12-06-2026	4N202606108494-110	2316722866	Taltal	DOMICILIO	CV POP
12-06-2026	4N202606101941-734	2316725062	ANTOFAGASTA	AGENCIA	cv visita perfume
12-06-2026	4N202606092034-338	2316725062	ANTOFAGASTA	AGENCIA	cv visita perfume
12-06-2026	4N202606097114-012	2316725062	ANTOFAGASTA	AGENCIA	cv visita perfume
12-06-2026	4N202606114316-712	2316728002	PUNTA ARENAS	AGENCIA	cv visita perfume
12-06-2026	4N202606091164-143	2316728002	PUNTA ARENAS	AGENCIA	cv visita perfume
12-06-2026	4N202606104866-318	2316729645	PUERTO AYSEN	AGENCIA	cv visita perfume
12-06-2026	4N202606081548-603	2316740031	ANTOFAGASTA	AGENCIA	VERISURE PD
12-06-2026	4N202606099581-027	2316740786	ANTOFAGASTA	AGENCIA	GL GROUP
12-06-2026	4N202606096544-159	2316744216	PUNTA ARENAS	AGENCIA	GL GROUP
12-06-2026	4N202606091160-313	2316745826	PUERTO NATALES	AGENCIA	GL GROUP
12-06-2026	4N202606097236-182	2316746320	PUERTO NATALES	AGENCIA	GL GROUP
12-06-2026	4N202606061644-662	2316747591	CORRAL	DOMICILIO	RDECOMM
12-06-2026	4N202606119785-649	2316725062	ANTOFAGASTA	AGENCIA	cv visita perfume
12-06-2026	4N202606119284-309	2316725062	ANTOFAGASTA	AGENCIA	cv visita perfume
12-06-2026	4N202606113385-879	2316725062	ANTOFAGASTA	AGENCIA	cv visita perfume
12-06-2026	4N202606116021-250	2316725062	ANTOFAGASTA	AGENCIA	cv visita perfume
12-06-2026	4N202606110452-980	2316725062	ANTOFAGASTA	AGENCIA	cv visita perfume
12-06-2026	4N202606110670-052	2316733112	CALAMA	AGENCIA	cv visita perfume
12-06-2026	4N202606117334-612	2316733112	CALAMA	AGENCIA	cv visita perfume
12-06-2026	4N202606118739-483	2316733112	CALAMA	AGENCIA	cv visita perfume
12-06-2026	4N202606114823-445	2316733112	CALAMA	AGENCIA	cv visita perfume
12-06-2026	4N202606111423-551	2316733112	CALAMA	AGENCIA	cv visita perfume
12-06-2026	4N202606119978-154	2316733112	CALAMA	AGENCIA	cv visita perfume
12-06-2026	4N202606118393-730	2316733112	TOCOPILLA	AGENCIA	cv visita perfume
12-06-2026	4N202606112835-360	2316735514	IQUIQUE	AGENCIA	cv visita perfume
12-06-2026	4N202606119836-882	2316735514	IQUIQUE	AGENCIA	cv visita perfume
12-06-2026	4N202606111866-279	2316728002	PUERTO NATALES	AGENCIA	cv visita perfume
12-06-2026	4N202606110405-112	2316729645	COIHAYQUE	AGENCIA	cv visita perfume
12-06-2026	4N202606112420-976	2316737710	ARICA	AGENCIA	cv visita perfume
12-06-2026	4N202606101461-180	2316748862	Pozo Almonte	DOMICILIO	CV POP
12-06-2026	4N202606115213-132	2316748862	Pozo Almonte	DOMICILIO	CV POP
12-06-2026	4N202606110315-761	2316722866	Taltal	DOMICILIO	CV POP
12-06-2026	4N202606046152	2316670274	Cochrane	DOMICILIO	RD
12-06-2026	4N202606106775-368	2316751640	Fresia	DOMICILIO	RD
12-06-2026	4N202606118772	2316755184	Quemchi	DOMICILIO	RD
16-06-2026	4N202606121993-846	2319762244	Punitaqui	DOMICILIO	RD
17-06-2026	4N202606159998-032	2320530940	Fresia	DOMICILIO	Reginella
17-06-2026	4N202606154896-050	2320936715	ANTOFAGASTA	AGENCIA	VERISURE PD
17-06-2026	4N202606156422-121	2321053162	CALAMA	AGENCIA	cv visita perfume
17-06-2026	4N202606153961-410	2321054444	SAN PEDRO DE ATACAMA	AGENCIA	cv visita perfume
17-06-2026	4N202606153594-695	2321055424	CALAMA	AGENCIA	cv visita perfume
17-06-2026	4N202606154849-564	2321056286	ANTOFAGASTA	AGENCIA	cv visita perfume
17-06-2026	4N202606158120-635	2321057325	CHILE CHICO	DOMICILIO	CV POP
17-06-2026	4N202606150355-689	2321057325	CHILE CHICO	DOMICILIO	CV POP
17-06-2026	4N202606167633-576	2321057325	CHILE CHICO	DOMICILIO	CV POP
17-06-2026	4N202606168437-714	2321057325	CHILE CHICO	DOMICILIO	CV POP
17-06-2026	4N202606150387-608	2321058574	POZO ALMONTE	DOMICILIO	CV POP
17-06-2026	4N202606157134-237	2321058574	POZO ALMONTE	DOMICILIO	CV POP
17-06-2026	4N202606169197-842	2321058574	POZO ALMONTE	DOMICILIO	CV POP
17-06-2026	4N202606162892-976	2321058574	POZO ALMONTE	DOMICILIO	CV POP
17-06-2026	4N202606159797-634	2321059311	TALTAL	DOMICILIO	CV POP
17-06-2026	4N202606157137-439	2321059311	TALTAL	DOMICILIO	CV POP
17-06-2026	4N202606163055-741	2321059311	TALTAL	DOMICILIO	CV POP
17-06-2026	4N202606166601-330	2321059311	TALTAL	DOMICILIO	CV POP
17-06-2026	4N202606121459-921	2321061120	ANTOFAGASTA	AGENCIA	EPOSTAL
17-06-2026	4N202606094081-236	2321065261	PUERTO AYSEN	AGENCIA	IMAHE
17-06-2026	4N202606094081-432	2321065950	PUERTO AYSEN	AGENCIA	IMAHE
17-06-2026	4N202606121993-846	duplicada	PUNITAQUI	DOMICILIO	RDECOMM
17-06-2026	4N202606156445-212	2321066893	CALAMA	AGENCIA	GLOBALCOURIER
17-06-2026	4N202606156445-939	2321066893	CALAMA	AGENCIA	GLOBASLCOURIER
19-06-2026	4N202606167453-300	2321916273	NOGALES	DOMICILIO	RD ECOMMERCE
19-06-2026	4N202606155099-815	2322808316	FRESIA	DOMICILIO	RD ECOMMERCE
19-06-2026	4N202606167150-448	2324631890	PETORCA	DOMICILIO	RD ECOMMERCE
19-06-2026	4N202606173390-832	2324635445	PUNITAQUI	DOMICILIO	RD ECOMMERCE
19-06-2026	4N202606173390-277	2324635445	PUNITAQUI	DOMICILIO	RD ECOMMERCE
19-06-2026	4N202606156690-273	2324637593	HIJUELAS	DOMICILIO	RD ECOMMERCE
19-06-2026	4N202606159689-280	2325800422	HUALAIHUE	DOMICILIO	RD ECOMMERCE
19-06-2026	4N202606179043-635	2325795511	CHILE CHICO	DOMICILIO	CV POP
19-06-2026	4N202606184622-671	2325795511	CHILE CHICO	DOMICILIO	CV POP
19-06-2026	4N202606174207-456	2324653726	POZO ALMONTE	DOMICILIO	CV POP
19-06-2026	4N202606180515-445	2324653726	POZO ALMONTE	DOMICILIO	CV POP
19-06-2026	4N202606179031-038	2324655211	TALTAL	DOMICILIO	CV POP
19-06-2026	4N202606189216-320	2324655211	TALTAL	DOMICILIO	CV POP
22-06-2026	4N202606176710-405	2324351982	Quemchi	DOMICILIO	REGINELLA
22-06-2026	4N202606176710-750	2324351993	Quemchi	DOMICILIO	REGINELLA
22-06-2026	4N202606181579-384	2324661496	ANTUCO	DOMICILIO	RV ECOMM
22-06-2026	4N202606159689-153	2325800422	HUALAIHUE	DOMICILIO	RD ECOMMERCE
24-06-2026	4N202606197059-351	2326695766	ANTOFAGASTA	AGENCIA	CV PERFUME
24-06-2026	4N202606194993-273	2326695766	ANTOFAGASTA	AGENCIA	CV PERFUME
24-06-2026	4N202606193383-212	2326695766	ANTOFAGASTA	AGENCIA	CV PERFUME
24-06-2026	4N202606223462-891	2326695766	ANTOFAGASTA	AGENCIA	CV PERFUME
24-06-2026	4N202606221841-667	2326695766	ANTOFAGASTA	AGENCIA	CV PERFUME
24-06-2026	4N202606228196-185	2326695766	ANTOFAGASTA	AGENCIA	CV PERFUME
24-06-2026	4N202606224805-387	2326695766	ANTOFAGASTA	AGENCIA	CV PERFUME
24-06-2026	4N202606195748-997	2326699082	CALAMA	AGENCIA	CV PERFUME
24-06-2026	4N202606198874-185	2326699082	CALAMA	AGENCIA	CV PERFUME
24-06-2026	4N202606195211-133	2326699082	CALAMA	AGENCIA	CV PERFUME
24-06-2026	4N202606226031-361	2326699082	CALAMA	AGENCIA	CV PERFUME
24-06-2026	4N202606220321-677	2326699082	CALAMA	AGENCIA	CV PERFUME
24-06-2026	4N202606221226-570	2326699082	CALAMA	AGENCIA	CV PERFUME
24-06-2026	4N202606196754-914	2326699082	CALAMA	AGENCIA	CV PERFUME
24-06-2026	4N202606225563-831	2326699082	CALAMA	AGENCIA	CV PERFUME
24-06-2026	4N202606220699-865	2326699082	CALAMA	AGENCIA	CV PERFUME
24-06-2026	4N202606193425-099	2326699082	TOCOPILLA	AGENCIA	CV PERFUME
24-06-2026	4N202606195710-475	2326699082	SAN PEDRO DE ATACAMA	AGENCIA	CV PERFUME
24-06-2026	4N202606198203-489	2326701112	IQUIQUE	AGENCIA	CV PERFUME
24-06-2026	4N202606193370-375	2326701112	IQUIQUE	AGENCIA	CV PERFUME
24-06-2026	4N202606198694-143	2326701112	IQUIQUE	AGENCIA	CV PERFUME
24-06-2026	4N202606227262-670	2326706384	COYHAIQUE	AGENCIA	CV PERFUME
24-06-2026	4N202606223926-091	2326706384	COYHAIQUE	AGENCIA	CV PERFUME
24-06-2026	4N202606227724-444	2326706384	PUERTO AYSEN	AGENCIA	CV PERFUME
24-06-2026	4N202606229291-087	2326706384	PUERTO AYSEN	AGENCIA	CV PERFUME
24-06-2026	4N202606223040-332	2326707246	ARICA	AGENCIA	CV PERFUME
24-06-2026	4N202606201815	2326515483	Longavi	DOMICILIO	RD ECOMMERCE
24-06-2026	4N202606231394	2326519801	San Rafael	DOMICILIO	REGINELLA
25-06-2026	4N202606234003-330	2327607273	CHILE CHICO	DOMICILIO	CV POP
25-06-2026	4N202606239918-188	2327607273	CHILE CHICO	DOMICILIO	CV POP
25-06-2026	4N202606232789-186	2327607273	CHILE CHICO	DOMICILIO	CV POP
25-06-2026	4N202606175542-987	2327607273	CHILE CHICO	DOMICILIO	CV POP
25-06-2026	4N202606231027-416	2328068116	POZO ALMONTE	DOMICILIO	CV POP
25-06-2026	4N202606238791-767	2328068116	POZO ALMONTE	DOMICILIO	CV POP
25-06-2026	4N202606171171-825	2328068116	POZO ALMONTE	DOMICILIO	CV POP
25-06-2026	4N202606235144-986	2328068116	POZO ALMONTE	DOMICILIO	CV POP
25-06-2026	4N202606233381-807	2328069914	TALTAL	DOMICILIO	CV POP
25-06-2026	4N202606239237-723	2328069914	TALTAL	DOMICILIO	CV POP
25-06-2026	4N202606238759-475	2328069914	TALTAL	DOMICILIO	CV POP
25-06-2026	4N202606177770-236	2328069914	TALTAL	DOMICILIO	CV POP
25-06-2026	4N202606241141-935	2328071034	ANTOFAGASTA	AGENCIA	CV PERFUME
25-06-2026	4N202606249233-663	2328071034	ANTOFAGASTA	AGENCIA	CV PERFUME
25-06-2026	4N202606246746-803	2328073543	ARICA	AGENCIA	CV PERFUME
25-06-2026	4N202606233197-178	2328075654	CALAMA	AGENCIA	CV PERFUME
25-06-2026	4N202606232971-734	2328081733	COYHAIQUE	AGENCIA	CV PERFUME
25-06-2026	4N202606234090-879	2328083111	PUERTO NATALES	AGENCIA	CV PERFUME
25-06-2026	4N202606231495-569	2328083111	PUNTA ARENAS	AGENCIA	CV PERFUME
25-06-2026	4N202606185817-915	2328083111	PUNTA ARENAS	AGENCIA	CV PERFUME
25-06-2026	4N202606162543-205	2328083866	POZO ALMONTE	DOMICILIO	SOLVENTA
25-06-2026	4N202606185116-577	2328084673	ALTO DEL CARMEN	DOMICILIO	FUCOA
25-06-2026	4N202606210365-058	2328086305	HUALAÑE	DOMICILIO	RD ECOMMERCE
25-06-2026	4N202606241826-358	2328088066	QUEMCHI	DOMICILIO	RD ECOMMERCE
25-06-2026	4N202606197533-201	2328090030	CHAITEN	DOMICILIO	RD ECOMMERCE
25-06-2026	4N202606225195-671	2328091511	ANTOFAGASTA	AGENCIA	VERISURE LA
25-06-2026	4N202606222218-779	2328091511	ANTOFAGASTA	AGENCIA	GL GROUP
25-06-2026	4N202606221326-910	2328091511	ANTOFAGASTA	AGENCIA	GL GROUP
25-06-2026	4N202606223323-782	2328091511	ANTOFAGASTA	AGENCIA	GL GROUP
25-06-2026	4N202606224035-126	2328092454	CALAMA	AGENCIA	GL GROUP
01-07-2026	4N202606192589-934	2332471035	Salamanca (sector Chellepin)	DOMICILIO	RD ECOMMERCE
01-07-2026	4N202606192589-950	2332471035	Salamanca (sector Chellepin)	DOMICILIO	RD ECOMMERCE
01-07-2026	4N202606257873-218	2332480290	PRIMAVERA	DOMICILIO	CV CAT
02-07-2026	4N202606237655-085	2336572733	PALENA	DOMICILIO	RD ECOMMERCE
02-07-2026	4N202607011398-171	2336576605	CALAMA	AGENCIA	EPOSTAL
03-07-2026	4N202606300251-524	2336580374	CURARREGUE	DOMICILIO	RD ECOMMERCE
03-07-2026	4N202606250079-420	2336586464	CALAMA	AGENCIA	MCO VISITA
03-07-2026	4N202606256277-463	2336586464	TOCOPILLA	AGENCIA	MCO VISITA
03-07-2026	4N202606258335-401	2336586464	CALAMA	AGENCIA	MCO VISITA
03-07-2026	4N202606252717-816	2336586464	CALAMA	AGENCIA	MCO VISITA
03-07-2026	4N202606257600-604	2336587422	ANTOFAGASTA	AGENCIA	MCO VISITA
03-07-2026	4N202606258699-518	2336587422	ANTOFAGASTA	AGENCIA	MCO VISITA
03-07-2026	4N202606257213-866	2336618804	IQUIQUE	AGENCIA	MCO VISITA
03-07-2026	4N202606251122-581	2336618804	IQUIQUE	AGENCIA	MCO VISITA
03-07-2026	4N202606250250-122	2336625255	ARICA	AGENCIA	MCO VISITA
03-07-2026	4N202606259944-335	2336625255	ARICA	AGENCIA	MCO VISITA
03-07-2026	4N202606255866-643	2336643050	Chile CHICO	AGENCIA	CV CAT
03-07-2026	4N202606307408-491	2336643050	Chile CHICO	AGENCIA	CV POP
03-07-2026	4N202606232321-489	2336643050	Chile CHICO	AGENCIA	CV POP
03-07-2026	4N202606309757-584	2336643050	Chile CHICO	AGENCIA	CV POP
03-07-2026	4N202607020142-898	2336643050	Chile CHICO	AGENCIA	CV POP
03-07-2026	4N202606247187-569	2336643050	Chile CHICO	AGENCIA	CV POP
03-07-2026	4N202606257033-224	2336643050	Chile CHICO	AGENCIA	CV POP
03-07-2026	4N202606235766-422	2336643050	Chile CHICO	AGENCIA	CV POP
03-07-2026	4N202606301733-743	2336643050	Chile CHICO	AGENCIA	CV POP
03-07-2026	4N202606256010-159	2336647725	POZO ALMONTE	AGENCIA	CV CAT
03-07-2026	4N202607017746-935	2336647725	POZO ALMONTE	AGENCIA	SOLVENTA
03-07-2026	4N202606309857-922	2336647725	POZO ALMONTE	AGENCIA	CV POP
03-07-2026	4N202606304250-137	2336647725	POZO ALMONTE	AGENCIA	CV POP
03-07-2026	4N202606256297-881	2336647725	POZO ALMONTE	AGENCIA	CV POP
03-07-2026	4N202606308720-683	2336647725	POZO ALMONTE	AGENCIA	CV POP
03-07-2026	4N202606236485-655	2336647725	POZO ALMONTE	AGENCIA	CV POP
03-07-2026	4N202606258784-551	2336647725	POZO ALMONTE	AGENCIA	CV POP
03-07-2026	4N202606245349-457	2336647725	POZO ALMONTE	AGENCIA	CV POP
03-07-2026	4N202606236444-427	2336647725	POZO ALMONTE	AGENCIA	CV POP
03-07-2026	4N202607025824-999	2336647725	POZO ALMONTE	AGENCIA	CV POP
03-07-2026	4N202606258959-593	2336650525	TALTAL	AGENCIA	CV CAT
03-07-2026	4N202606302277-476	2336650525	TALTAL	AGENCIA	CV POP
03-07-2026	4N202606303526-656	2336650525	TALTAL	AGENCIA	CV POP
03-07-2026	4N202606256189-311	2336650525	TALTAL	AGENCIA	CV POP
03-07-2026	4N202606307683-398	2336650525	TALTAL	AGENCIA	CV POP
03-07-2026	4N202606236214-731	2336650525	TALTAL	AGENCIA	CV POP
03-07-2026	4N202607024165-963	2336650525	TALTAL	AGENCIA	CV POP
03-07-2026	4N202606259440-767	2336650525	TALTAL	AGENCIA	CV POP
03-07-2026	4N202606238636-792	2336650525	TALTAL	AGENCIA	CV POP
03-07-2026	4N202606244988-114	2336650525	TALTAL	AGENCIA	CV POP
03-07-2026	4N202607016872-706	2334264973	COLBUN	DOMICILIO	RD ECOMMERCE
06-07-2026	4N202606255503-315	2338505724	PUNTA ARENAS	AGENCIA	MCO VISITA
06-07-2026	4N202606253650-596	2338507780	COYHAIQUE	AGENCIA	MCO VISITA
06-07-2026	4N202607044754-595	2338510845	MAULE	DOMICILIO	RD ECOMM
06-07-2026	4N202607041036-774	2338514861	LICANTEN	DOMICILIO	RD ECOMM
08-07-2026	4N202607057694-308	2339611105	HIJUELAS	DOMICILIO	RD ECOMM
08-07-2026	4N202607066442-274	2339616123	CONTULMO	DOMICILIO	RD ECOMM
08-07-2026	4N202607025547-867	2339620404	MARCHIGUE	DOMICILIO	RD ECOMM
08-07-2026	4N202607068366-218	2339621760	CALAMA	AGENCIA	GL GROUP
08-07-2026	4N202607069248-047	2339621760	CALAMA	AGENCIA	GL GROUP
08-07-2026	4N202607065248-104	2339621760	CALAMA	AGENCIA	GL GROUP
14-07-2026	4N202607131114-568	2344153151	Taltal	DOMICILIO	CV POP
14-07-2026	4N202607133239-386	2344153965	Pozo Almonte	DOMICILIO	CV POP
14-07-2026	4N202607089147-458	2344159996	Arauco	DOMICILIO	Condenast
15-07-2026	4N202607068204-530	2344732574	Chacao	DOMICILIO	ePostal
15-07-2026	4N202607121745-496	2345089832	Pencahue	DOMICILIO	RD ECOMMERCE
21-07-2026	4N202607155907-439	2349595603	4Nortes	DOMICILIO	SMU
21-07-2026	4N202607156320-396	2349716891	Chile Chico	DOMICILIO	RD ECOMMERCE
21-07-2026	4N202607156320-529	2349716891	Chile Chico	DOMICILIO	RD ECOMMERCE
21-07-2026	4N202607156320-669	2349716891	Chile Chico	DOMICILIO	RD ECOMMERCE
21-07-2026	4N202607160904-796	2349727833	SAN PEDRO	DOMICILIO	RD ECOMMERCE
21-07-2026	4N202607162314-147	2349755472	HIJUELAS	DOMICILIO	RD ECOMMERCE
21-07-2026	4N202607162962-947	2349756640	HIJUELAS	DOMICILIO	RD ECOMMERCE
21-07-2026	4N202607167067-030	2349766521	HUALAÑE	DOMICILIO	RD ECOMMERCE
21-07-2026	4N202607167067-477	2349766425	HUALAÑE	DOMICILIO	RD ECOMMERCE
21-07-2026	4N202607147961-746	2349867671	NEGRETE	DOMICILIO	RD ECOMMERCE
21-07-2026	4N202607157075-473	2349895026	San Rosendo	DOMICILIO	RD ECOMMERCE
22-07-2026	4N202607163722-400	2350859910	CONTULMO	DOMICILIO	RD ECOMMERCE
22-07-2026	4N202607189596-495	2350859173	HIJUELAS	DOMICILIO	RD ECOMMERCE
22-07-2026	4N202607172412-253	2350869802	COLBUN	DOMICILIO	RD ECOMMERCE
22-07-2026	4N202607179388-797	2350873066	MAULE	DOMICILIO	RD ECOMMERCE
22-07-2026	4N202607215761-908	2350880895	LOLOL	DOMICILIO	RD ECOMMERCE
22-07-2026	4N202607175489-342	2350887954	MAULE	DOMICILIO	RD ECOMMERCE
22-07-2026	4N202607174951-061	2350885961	YERBAS BUENAS	DOMICILIO	RD ECOMMERCE
22-07-2026	4N202607183072-592	2350889052	LICANTEN	DOMICILIO	RD ECOMMERCE
22-07-2026	4N202607174490-538	2350893764	HUALAÑE	DOMICILIO	RD ECOMMERCE
22-07-2026	4N202607175636-861	2350899110	RINCONADA	DOMICILIO	RD ECOMMERCE
22-07-2026	4N202607202906-726	2350923536	Chile Chico	DOMICILIO	CV POP
22-07-2026	4N202607205710-640	2350926874	Taltal	DOMICILIO	CV POP
22-07-2026	4N202607209442-482	2350925802	Pozo Almonte	DOMICILIO	CV POP
22-07-2026	-	Retorno	Iquique	DOMICILIO	GLOBAL COURIER
22-07-2026	4N202607144546-922	2351005285	QUEMCHI	DOMICILIO	RD ECOMMECE
22-07-2026	4N202607162389-547	2351038841	Pullehue	DOMICILIO	RD ECOMMECE
22-07-2026	4N202607165048-562	2351038911	Pullehue	DOMICILIO	RD ECOMMECE
22-07-2026	4N202607171402-790	2351644105	Puerto Montt	DOMICILIO	RD ECOMMECE
23-07-2026	4N202607188692-190	2352024920	Pullehue	DOMICILIO	RD ECOMMECE
23-07-2026	4N202607210377-484	2352032852	ALTO DEL CARMEN	DOMICILIO	FUCOA
23-07-2026	4N202607210501-036	2352031124	PICA	DOMICILIO	FUCOA
23-07-2026	4N202607220025-389	2352040202	TALTAL	DOMICILIO	CV POP
23-07-2026	4N202607220063-876	2352042534	Chile Chico	DOMICILIO	CV POP
23-07-2026	4N202607220761-708	2352042346	Pozo Almonte	DOMICILIO	CV POP
24-07-2026	4N202607233139-063	2352809594	Taltal	DOMICILIO	CV POP
24-07-2026	4N202607237367-833	2352809594	Taltal	DOMICILIO	CV POP
24-07-2026	4N202607238131-206	2352814413	Pozo Almonte	DOMICILIO	CV POP
24-07-2026	4N202607238774-097	2352814413	Pozo Almonte	DOMICILIO	CV POP
24-07-2026	4N202607239530-019	2352821026	Chile Chico	DOMICILIO	CV POP
24-07-2026	4N202607182813-514	2355069113	LUMACO	DOMICILIO	RD ECOMM
24-07-2026	4N202607197183-551	2355073486	LOS ALAMOS	DOMICILIO	RD ECOMM
24-07-2026	4N202607198276-781	2355077395	HIJUELAS	DOMICILIO	RD ECOMM
24-07-2026	4N202607199035-772	2355080011	Chile Chico	DOMICILIO	RD ECOMM
24-07-2026	4N202607190821-025	2355087873	Taltal	DOMICILIO	RD ECOMM
24-07-2026	4N202607070808-437	2355094335	Chile Chico	DOMICILIO	CV POP
24-07-2026	4N202607157852-052	2355094335	Chile Chico	DOMICILIO	CV POP
24-07-2026	4N202607232591-600	2355094335	Chile Chico	DOMICILIO	CV POP
24-07-2026	4N202607152683-477	2355094335	Chile Chico	DOMICILIO	CV POP
24-07-2026	4N202607231859-560	2355095691	Pozo Almonte	DOMICILIO	CV POP
24-07-2026	4N202607070297-310	2355095691	Pozo Almonte	DOMICILIO	CV POP
24-07-2026	4N202607154068-337	2355095691	Pozo Almonte	DOMICILIO	CV POP
24-07-2026	4N202607155452-787	2355100926	Taltal	DOMICILIO	CV POP
24-07-2026	4N202607233868-762	2355100926	Taltal	DOMICILIO	CV POP
24-07-2026	4N202607075440-239	2355100926	Taltal	DOMICILIO	CV POP
24-07-2026	4N202607159779-319	2355100926	TAltal	DOMICILIO	CV POP
24-07-2026	4N202607202955-495	2355100926	TAltal	DOMICILIO	CV POP
24-07-2026	4N202607091823-884	2355100926	TAltal	DOMICILIO	CV POP
24-07-2026	4N202607206132-791	2355128193	PICHIDEGUA	DOMICILIO	RD ECOMM 1/2
24-07-2026	4N202607206132-550	2355128440	PICHIDEGUA	DOMICILIO	RD ECOMM 2/2
24-07-2026	4N202607215645-625	2355140815	RINCONADA	DOMICILIO	RD ECOMM
24-07-2026	4N202607209754-741	2355144050	HUALAÑE	DOMICILIO	RD ECOMM
24-07-2026	4N202607203124-314	2355145391	MAULLIN	DOMICILIO	RD ECOMM
27-07-2026	4N202607297861-496	2354995086	Los Muermos	DOMICILIO	RD ECOMM
28-07-2026	4N202607249734-735	2357599661	PRIMAVERA	DOMICILIO	CV VISITA
29-07-2026	4N202607236408-935	2357608971	Pozo Almonte	DOMICILIO	RD ECOMM
29-07-2026	4N202607247557-873	2357611281	Licantén	DOMICILIO	RD ECOMM
29-07-2026	4N202607261869-508	2357615282	Puerto Octay	DOMICILIO	RD ECOMM
29-07-2026	4N202607233417-685	2357623450	Chanco	DOMICILIO	RD ECOMM
30-07-2026	4N202607235589-834	2358331916	Chanco	DOMICILIO	RD ECOMM
30-07-2026	4N202607280407-674	2358342943	LOLOL	DOMICILIO	RD ECOMM
30-07-2026	4N202607250213-056	2358344914	HUALAÑE	DOMICILIO	RD ECOMM
30-07-2026	4N202607265415-789	2358348322	Pozo Almonte	DOMICILIO	RD ECOMM
30-07-2026	4N202607257729-981	2358360185	Chepica	DOMICILIO	RD ECOMM
30-07-2026	4N202607263975-992	2358374222	Putu	DOMICILIO	RD ECOMM
30-07-2026	4N202607277379-479	2358666800	CHILE CHICO	DOMICILIO	CV POP
30-07-2026	4N202607205348-002	2358666800	CHILE CHICO	DOMICILIO	CV POP
30-07-2026	4N202607285217-877	2358666800	CHILE CHICO	DOMICILIO	CV POP
30-07-2026	4N202607131032-848	2358666800	CHILE CHICO	DOMICILIO	CV POP
30-07-2026	4N202607200936-943	2358666800	CHILE CHICO	DOMICILIO	CV POP
30-07-2026	4N202607291511-244	2358666800	CHILE CHICO	DOMICILIO	CV POP
30-07-2026	4N202607270145-864	2358665713	POZA ALMONTE	DOMICILIO	CV POP
30-07-2026	4N202607273531-953	2358665713	POZA ALMONTE	DOMICILIO	CV POP
30-07-2026	4N202607272735-112	2358665713	POZA ALMONTE	DOMICILIO	CV POP
30-07-2026	4N202607204289-305	2358665713	POZA ALMONTE	DOMICILIO	CV POP
30-07-2026	4N202607202894-553	2358665713	POZA ALMONTE	DOMICILIO	CV POP
30-07-2026	4N202607150020-698	2358665713	POZA ALMONTE	DOMICILIO	CV POP
30-07-2026	4N202607298233-165	2358665713	POZA ALMONTE	DOMICILIO	CV POP
30-07-2026	4N202607293037-819	2358670650	TAL TAL	DOMICILIO	CV POP
30-07-2026	4N202607283020-901	2358670650	TAL TAL	DOMICILIO	CV POP
30-07-2026	4N202607274596-723	2358670650	TAL TAL	DOMICILIO	CV POP
30-07-2026	4N202607203597-066	2358670650	TAL TAL	DOMICILIO	CV POP
30-07-2026	4N202607274355-643	2358670650	TAL TAL	DOMICILIO	CV POP
30-07-2026	4N202607274885-369	2358670650	TAL TAL	DOMICILIO	CV POP
30-07-2026	4N202607170020-414	2358590522	Aysen	Domicilio	RD ECOMM
03-08-2026	4N202607245212-865	2362906361	Quemchi	Domicilio	RD ECOMM
03-08-2026	4N202607264940-636	2362914271	Futaleufu	Domicilio	RD ECOMM
03-08-2026	4N202607267726-818	2362921190	Peralillo	Domicilio	RD ECOMM
03-08-2026	4N202607275132-075	2362926226	HUALAÑE	Domicilio	RD ECOMM
03-08-2026	4N202607276868-912	2362931476	Hijuelas	Domicilio	RD ECOMM
03-08-2026	4N202607279017-447	2362936855	Maule	Domicilio	RD ECOMM
03-08-2026	4N202607273617-290	2362944791	Antuco	Domicilio	RD ECOMM
03-08-2026	4N202607306431-551	2362954241	Toltén	Domicilio	RD ECOMM
03-08-2026	4N202607307103-230	2362956396	Peralillo	Domicilio	RD ECOMM
03-08-2026	4N202607300413-457	2362960762	Corral	Domicilio	RD ECOMM
03-08-2026	4N202607317070-918	2362966616	Los Sauces	Domicilio	RD ECOMM
03-08-2026	4N202607314715-240	2362972824	Lolol	Domicilio	RD ECOMM
03-08-2026	4N202607301159-869	2362976663	Los Sauces	Domicilio	RD ECOMM
03-08-2026	4N202607313467-441	2362982672	Hualañe	Domicilio	RD ECOMM
03-08-2026	4N202607295906-234	2362985575	Peralillo	Domicilio	RD ECOMM
04-08-2026	4N202607264743-158	2364523910	Frutillar	Domicilio	RD ECOMM
05-08-2026	4N202608026057-819	2365570992	COLBUN	Domicilio	RD ECOMM
05-08-2026	4N202607314977-793	2365574234	COCHAMO	Domicilio	RD ECOMM
05-08-2026	4N202608023049-582	2365576566	PALMILLA	Domicilio	RD ECOMM
05-08-2026	4N202607285232-828	2365580420	PUNTA ARENAS	AGENCIA	POSTALEXPRESS
05-08-2026	4N202607315190-202	2365584594	Pozo Almonte	Domicilio	CV PPDD
05-08-2026	4N202607286392-357	2365584594	Pozo Almonte	Domicilio	CV POP
05-08-2026	4N202608032444-948	2365585740	CHILE CHICO	Domicilio	CV CAT
05-08-2026	4N202607315749-877	2365585740	CHILE CHICO	Domicilio	CV CAT
05-08-2026	4N202607313797-583	2365585740	CHILE CHICO	Domicilio	CV CAT
05-08-2026	4N202608035856-178	2365584594	Pozo Almonte	Domicilio	CV CAT
05-08-2026	4N202607317758-160	2365584594	Pozo Almonte	Domicilio	CV CAT
05-08-2026	4N202607319627-546	2365584594	Pozo Almonte	Domicilio	CV CAT
05-08-2026	4N202608031404-669	2365591292	TAltal	Domicilio	CV CAT
05-08-2026	4N202607312964-287	2365591292	TAltal	Domicilio	CV CAT
05-08-2026	4N202607312471-283	2365591292	TAltal	Domicilio	CV CAT
05-08-2026	4N202608036668-715	2365593742	PRIMAVERA	Domicilio	CV CAT
05-08-2026	4N202607313313-787	2365593742	PRIMAVERA	Domicilio	CV CAT
05-08-2026	4N202607311220-418	2365593742	PRIMAVERA	Domicilio	CV CAT
05-08-2026	4N202608042802-234	2365594836	CALAMA	Domicilio	CV PERFUMES
05-08-2026	4N202608042546-551	2365599003	PUNTA ARENAS	Domicilio	CV PERFUMES
10-08-2026	4N202608066927-181	2370171532	CHILE CHICO	Domicilio	CV POP
10-08-2026	4N202608062871-102	2370174693	Pozo Almonte	Domicilio	CV POP
10-08-2026	4N202608064352-835	2370177902	TAltal	Domicilio	CV POP
10-08-2026	4N202607307665-920	2370344292	Cochrane	Domicilio	RD ECOMM
10-08-2026	4N202608028012-874	2370348212	Cochrane	Domicilio	RD ECOMM
12-08-2026	4N202608115968-685	2372219463	PUYEHUE	Domicilio	RD ECOMM
12-08-2026	4N202608117140-922	2372227782	PELLUHUE	Domicilio	RD ECOMM
12-08-2026	4N202608115903-903	2372232461	ALTO HOSPICIO	AGENCIA	POSTALEXPRESS
13-08-2026	4N202608125300-489	2372489055	ANCUD	Domicilio	OPIA
13-08-2026	4N202608121062-672	2373301652	Pozo Almonte	Domicilio	CV POP
13-08-2026	4N202608122243-043	2373317354	Taltal	Domicilio	CV POP
13-08-2026	4N202608122656-519	2373322475	CHILE CHICO	Domicilio	CV POP
14-08-2026	4N202608145960-960	2376559231	HUASCO	DOMICILIO	RD ECOMM
14-08-2026	4N202608143386-781	2376566393	PUYEHUE	DOMICILIO	RD ECOMM
14-08-2026	4N202608112784-418	2372239870	ANTOFAGASTA	AGENCIA	POSTALEXPRESS
18-08-2026	4N202608176855-712	2378557101	TALTAL	DOMICILIO	CV POP
18-08-2026	4N202608171549-458	2378557801	Pozo Almonte	DOMICILIO	CV POP
18-08-2026	4N202608178180-786	2378558534	CHILE CHICO	DOMICILIO	CV POP
18-08-2026	4N202608179974-121	2378564020	PRIMAVERA	DOMICILIO	CV POP
20-08-2026	4N202608192112-915	2379948911	Chaiten	Domicilio	OPIA
21-08-2026	4N202608190536-901	2380325345	Chile Chico	Domicilio	CV POP
21-08-2026	4N202608194089-397	2380325345	Chile Chico	Domicilio	CV POP
21-08-2026	4N202608197863-073	2380325345	Chile Chico	Domicilio	CV POP
21-08-2026	4N202608199200-665	2380325345	Chile Chico	Domicilio	CV POP
21-08-2026	4N202608190060-602	2380327121	Pozo Almonte	Domicilio	CV POP
21-08-2026	4N202608192524-313	2380327121	Pozo Almonte	Domicilio	CV POP
21-08-2026	4N202608194065-812	2380327121	Pozo Almonte	Domicilio	CV POP
21-08-2026	4N202608196115-307	2380327121	Pozo Almonte	Domicilio	CV POP
21-08-2026	4N202608190859-799	2380330326	Taltal	Domicilio	CV POP
21-08-2026	4N202608192138-744	2380330326	Taltal	Domicilio	CV POP
21-08-2026	4N202608194279-748	2380330326	Taltal	Domicilio	CV POP
21-08-2026	4N202608194539-483	2380330326	Taltal	Domicilio	CV POP
21-08-2026	4N202608200222-041	2380334445	Paredones	Domicilio	RD ECOMMERCE
21-08-2026	4N202608200230-116	2380339986	Alto del Carmen	Domicilio	FUCOA
21-08-2026	4N202608209328-238	2380341935	Pica	Domicilio	FUCOA
21-08-2026	4N202608183225-168	2380519923	Frutillar	Domicilio	RD ECOMMERCE
