CentroCosto	PesoFinal	Llave	Valor
0	1	0-1	0
0	2	0-2	0
0	3	0-3	0
0	4	0-4	0
0	5	0-5	0
0	6	0-6	0
0	7	0-7	0
0	8	0-8	0
0	9	0-9	0
0	10	0-10	0
0	11	0-11	0
0	12	0-12	0
0	13	0-13	0
0	14	0-14	0
0	15	0-15	0
0	16	0-16	0
0	17	0-17	0
0	18	0-18	0
0	19	0-19	0
0	20	0-20	0
1	1	1-1	863
1	2	1-2	863
1	3	1-3	863
1	4	1-4	863
1	5	1-5	863
1	6	1-6	863
1	7	1-7	1380
1	8	1-8	1380
1	9	1-9	1380
1	10	1-10	1380
1	11	1-11	1380
1	12	1-12	1380
1	13	1-13	1725
1	14	1-14	1725
1	15	1-15	1725
1	16	1-16	1725
1	17	1-17	1725
1	18	1-18	1725
1	19	1-19	1725
1	20	1-20	1725
2	1	2-1	1000
2	2	2-2	1000
2	3	2-3	1000
2	4	2-4	1000
2	5	2-5	1000
2	6	2-6	1000
2	7	2-7	1450
2	8	2-8	1450
2	9	2-9	1450
2	10	2-10	1450
2	11	2-11	1450
2	12	2-12	1450
2	13	2-13	1810
2	14	2-14	1810
2	15	2-15	1810
2	16	2-16	1810
2	17	2-17	1810
2	18	2-18	1810
2	19	2-19	1810
2	20	2-20	1810
3	1	3-1	1294
3	2	3-2	1294
3	3	3-3	1294
3	4	3-4	1294
3	5	3-5	1294
3	6	3-6	1294
3	7	3-7	2070
3	8	3-8	2070
3	9	3-9	2070
3	10	3-10	2070
3	11	3-11	2070
3	12	3-12	2070
3	13	3-13	2587
3	14	3-14	2587
3	15	3-15	2587
3	16	3-16	2587
3	17	3-17	2587
3	18	3-18	2587
3	19	3-19	2587
3	20	3-20	2587
4	1	4-1	1000
4	2	4-2	1000
4	3	4-3	1000
4	4	4-4	1000
4	5	4-5	1000
4	6	4-6	1000
4	7	4-7	1000
4	8	4-8	1000
4	9	4-9	1000
4	10	4-10	1000
4	11	4-11	1000
4	12	4-12	1000
4	13	4-13	1000
4	14	4-14	1000
4	15	4-15	1000
4	16	4-16	1000
4	17	4-17	1000
4	18	4-18	1000
4	19	4-19	1000
4	20	4-20	1000
5	1	5-1	1000
5	2	5-2	1000
5	3	5-3	1000
5	4	5-4	1000
5	5	5-5	1000
5	6	5-6	1000
5	7	5-7	1000
5	8	5-8	1000
5	9	5-9	1000
5	10	5-10	1000
5	11	5-11	1000
5	12	5-12	1000
5	13	5-13	1000
5	14	5-14	1000
5	15	5-15	1000
5	16	5-16	1000
5	17	5-17	1000
5	18	5-18	1000
5	19	5-19	1000
5	20	5-20	1000
6	1	6-1	1800
6	2	6-2	1800
6	3	6-3	1800
6	4	6-4	1800
6	5	6-5	1800
6	6	6-6	1800
6	7	6-7	1800
6	8	6-8	1800
6	9	6-9	1800
6	10	6-10	1800
6	11	6-11	1800
6	12	6-12	1800
6	13	6-13	1800
6	14	6-14	1800
6	15	6-15	1800
6	16	6-16	1800
6	17	6-17	1800
6	18	6-18	1800
6	19	6-19	1800
6	20	6-20	1800
7	1	7-1	1000
7	2	7-2	1000
7	3	7-3	1000
7	4	7-4	1000
7	5	7-5	1000
7	6	7-6	1000
7	7	7-7	1000
7	8	7-8	1000
7	9	7-9	1000
7	10	7-10	1000
7	11	7-11	1000
7	12	7-12	1000
7	13	7-13	1000
7	14	7-14	1000
7	15	7-15	1000
7	16	7-16	1000
7	17	7-17	1000
7	18	7-18	1000
7	19	7-19	1000
7	20	7-20	1000
8	1	8-1	650
8	2	8-2	650
8	3	8-3	650
8	4	8-4	650
8	5	8-5	650
8	6	8-6	750
8	7	8-7	750
8	8	8-8	750
8	9	8-9	750
8	10	8-10	750
8	11	8-11	850
8	12	8-12	850
8	13	8-13	850
8	14	8-14	850
8	15	8-15	850
8	16	8-16	950
8	17	8-17	950
8	18	8-18	950
8	19	8-19	950
8	20	8-20	950
9	1	9-1	1400
9	2	9-2	1400
9	3	9-3	1400
9	4	9-4	1400
9	5	9-5	1400
9	6	9-6	1400
9	7	9-7	1400
9	8	9-8	1400
9	9	9-9	1400
9	10	9-10	1400
9	11	9-11	1400
9	12	9-12	1400
9	13	9-13	1400
9	14	9-14	1400
9	15	9-15	1400
9	16	9-16	1400
9	17	9-17	1400
9	18	9-18	1400
9	19	9-19	1400
9	20	9-20	1400
10	1	10-1	1000
10	2	10-2	1000
10	3	10-3	1000
10	4	10-4	1000
10	5	10-5	1000
10	6	10-6	1200
10	7	10-7	1200
10	8	10-8	1200
10	9	10-9	1200
10	10	10-10	1200
10	11	10-11	1200
10	12	10-12	1200
10	13	10-13	1200
10	14	10-14	1200
10	15	10-15	1200
10	16	10-16	1200
10	17	10-17	1200
10	18	10-18	1200
10	19	10-19	1200
10	20	10-20	1200
11	1	11-1	1500
11	2	11-2	1500
11	3	11-3	1500
11	4	11-4	1500
11	5	11-5	1500
11	6	11-6	2000
11	7	11-7	2000
11	8	11-8	2000
11	9	11-9	2000
11	10	11-10	2000
11	11	11-11	2000
11	12	11-12	2000
11	13	11-13	2000
11	14	11-14	2000
11	15	11-15	2000
11	16	11-16	2000
11	17	11-17	2000
11	18	11-18	2000
11	19	11-19	2000
11	20	11-20	2000
12	1	12-1	1045
12	2	12-2	1045
12	3	12-3	1045
12	4	12-4	1045
12	5	12-5	1045
12	6	12-6	1045
12	7	12-7	1515
12	8	12-8	1515
12	9	12-9	1515
12	10	12-10	1515
12	11	12-11	1515
12	12	12-12	1515
12	13	12-13	1891
12	14	12-14	1891
12	15	12-15	1891
12	16	12-16	1891
12	17	12-17	1891
12	18	12-18	1891
12	19	12-19	1891
12	20	12-20	1891
13	1	13-1	1500
13	2	13-2	1500
13	3	13-3	1500
13	4	13-4	1500
13	5	13-5	1500
13	6	13-6	1800
13	7	13-7	1800
13	8	13-8	1800
13	9	13-9	1800
13	10	13-10	1800
13	11	13-11	1800
13	12	13-12	1800
13	13	13-13	1800
13	14	13-14	1800
13	15	13-15	1800
13	16	13-16	1800
13	17	13-17	1800
13	18	13-18	1800
13	19	13-19	1800
13	20	13-20	1800
14	1	14-1	2000
14	2	14-2	2000
14	3	14-3	2000
14	4	14-4	2000
14	5	14-5	2000
14	6	14-6	3000
14	7	14-7	3000
14	8	14-8	3000
14	9	14-9	3000
14	10	14-10	3000
14	11	14-11	3000
14	12	14-12	3000
14	13	14-13	3000
14	14	14-14	3000
14	15	14-15	3000
14	16	14-16	3000
14	17	14-17	3000
14	18	14-18	3000
14	19	14-19	3000
14	20	14-20	3000
15	1	15-1	550
15	2	15-2	550
15	3	15-3	550
15	4	15-4	550
15	5	15-5	550
15	6	15-6	550
15	7	15-7	550
15	8	15-8	550
15	9	15-9	550
15	10	15-10	550
15	11	15-11	550
15	12	15-12	550
15	13	15-13	550
15	14	15-14	550
15	15	15-15	550
15	16	15-16	550
15	17	15-17	550
15	18	15-18	550
15	19	15-19	550
15	20	15-20	550
16	1	16-1	1200
16	2	16-2	1200
16	3	16-3	1200
16	4	16-4	1200
16	5	16-5	1200
16	6	16-6	1200
16	7	16-7	1740
16	8	16-8	1740
16	9	16-9	1740
16	10	16-10	1740
16	11	16-11	1740
16	12	16-12	1740
16	13	16-13	2172
16	14	16-14	2172
16	15	16-15	2172
16	16	16-16	2172
16	17	16-17	2172
16	18	16-18	2172
16	19	16-19	2172
16	20	16-20	2172
