Patente-Consumos	Patente	Link Documentos	Empresa	Tipo	Marca	Modelo	Color	Año	Destino	Estado	SOAP	PERMISO CIRCULACION	REVISION TECNICA	GASES	PesoMax	Max Pallet	Capacidad m3	Capacidad m2	Alto CM	Largo CM	Ancho CM	Resumen
PLRL-48	PLRL48	https://drive.google.com/drive/folders/1N700xn6VtUKQaSWKsxZ1wr7Y3rh4rlDj?usp=sharing	PMCB	Camión	Jac	Urban 1404	Blanco	2022.0	4N Quilicura	Activa	2026-09-30	2026-09-30	2026-08-09	2026-08-09 00:00:00	3,5TN	4.5	17.394102	8.7849	198.0	387	227	Camión-Jac
RPVT-38	RPVT38	https://drive.google.com/drive/folders/1teIurWtWOnZ8cgzSFaHTUzvxGpr_2xRT?usp=sharing	PMCB	Camión	Foton	New Aumark S 1016 L Es	Blanco	2022.0	4N Chillan	Activa	2026-09-30	2026-09-30	2026-08-17	2026-08-17 00:00:00	6TN	8	29.348	0.0	245.0	615	235	Camión-Foton
TFLJ-42	TFLJ42	https://drive.google.com/drive/folders/1QY-pFTG7LieD77TNtH9-jxQeZvX3tBKG?usp=sharing	PMCB	Camión	Mercedes	Atego 1726 54	Blanco	2024.0	4N Quilicura	Activa	2026-09-30	2026-09-30	2026-07-01	2026-07-01 00:00:00	11TN	12	44.1	17.64	250.0	720	245	Camión-Mercedes
TRZJ-37	TRZJ37	https://drive.google.com/drive/folders/1WL7BYmbQJR8Y6XLipw5a0stN1ZLD7z_4?usp=sharing	PMCB	Camión	Foton	1016	Blanco	2023.0	4N Quilicura	Activa	2026-09-30	2026-09-30	2026-03-01	2026-03-01 00:00:00	9TN	10	37.66875	0.0	260.0	615	250	Camión-Foton
VBPD-72	VBPD72	https://drive.google.com/drive/folders/1JJv57CrO68dGl1L5sh5aKyLO73RQGXA3?usp=sharing	PMCB	Camión	Mercedez	Atego	Blanco	2025.0	4N Quilicura	Activa	2026-09-30	2026-09-30			11TN	12	44.1	17.64	250.0	720	245	Camión-Mercedez
VDSD-30	VDSD30		PMCB	Camión	Chevrolet	NQR	Blanco		4N Quilicura	Activa	2026-09-30	2026-09-30	2026-04-16	2026-04-16 00:00:00	11TN	12	44.1	17.64	250.0	720	245	Camión-Chevrolet
KLLX-31	KLLX31	https://drive.google.com/drive/folders/1ZN2qHARcnwV1Mxhze9puhQl9b0327rpV?usp=sharing	4N	Camioneta	Peugeot	Partner Hdi 1.6	Blanco	2018.0	4N Quilicura	Activa	2027-03-01	2027-03-01	2026-04-01	2026-04-01 00:00:00	850 KL	0.5	3.2625	2.61	125.0	180	145	Camioneta-Peugeot
KLLX-32	KLLX32	https://drive.google.com/drive/folders/1CCzDsfzJt0-ECt5YR9UabG3qCk4bgqar?usp=sharing	4N	Camioneta	Peugeot	Partner Hdi 1.6	Blanco	2018.0	4N Temuco	Activa	2027-03-01	2027-03-01	2026-05-01	2026-05-01 00:00:00	850 KL	0.5	3.2625	2.61	125.0	180	145	Camioneta-Peugeot
SGVB-16	SGVB16	https://drive.google.com/drive/folders/1RDbDtN-42vg33pD3mo2Rv8sb57SPIO8x?usp=sharing	4N	Camioneta	Peugeot	Partner	Blanco	2023.0	4N Quilicura	Activa	2027-03-01	2027-03-01	2027-09-01	2026-09-01 00:00:00	850 KL	0.8	3.353125	2.6825	125.0	185	145	Camioneta-Peugeot
RVSK-21	RVSK21	https://drive.google.com/drive/folders/1zxHVdJTZu8M-Ou0cKeNH8CfYW3viocP0?usp=sharing	4N	Furgón	Peugeot	Boxer Hdi L4H2 2.0	Blanco	2022.0	4N Quilicura	Activa	2027-03-01	2027-03-01	2026-04-01	2026-04-01 00:00:00	1,4 TN	3.3	14.46071	7.6109	190.0	407	187	Furgón-Peugeot
SGSS-86	SGSS86	https://drive.google.com/drive/folders/1POvRbwJmYMWOz7GPoWnXEuNx_Kgu6oYH?usp=sharing	4N	Furgón	Foton	Ft Box Cargo	Blanco	2023.0	4N Temuco	Activa	2027-03-01	2027-03-01	2026-04-13	2026-04-13 00:00:00	1,3 TN	2.5	10.5264	6.12	172.0	340	180	Furgón-Foton
SPBC-15	SPBC15	https://drive.google.com/drive/folders/1fwqblhljRfY4k5kHqkl6unKAKkTEw5Wg?usp=sharing	4N	Furgón	Foton	Ft Box Cargo	Blanco	2023.0	4N Temuco	Activa	2027-03-01	2027-03-01	2026-08-01	2026-08-01 00:00:00	1,3 TN	2.5	10.5264	6.12	172.0	340	180	Furgón-Foton
STWJ-98	STWJ98		4N	Furgón	Foton	Ft Box Cargo	Blanco	2023.0	4N Temuco	Activa	2027-03-01	2027-03-01	2026-03-05	2026-03-05 00:00:00	1,3 TN	2.5	10.5264	6.12	172.0	340	180	Furgón-Foton
TJHJ-76	TJHJ76	https://drive.google.com/drive/folders/1Q-aYsW7CIqx7bB3kmAIjo8IgJkEqE5ph?usp=sharing	4N	Furgón	Hyundai	Porter	Blanco	2024.0	4N Quilicura	Activa	2027-03-01	2027-03-01	2026-09-01	2026-09-01 00:00:00	1,6 TN	3	13.783302	6.9966	197.0	338	207	Furgón-Hyundai
TFYF-67	TFYF67	https://drive.google.com/drive/folders/1KdavN_reWr8e327nYhVdazDLx052qIML?usp=sharing	PMCB	Furgón	Foton	Ft Box Cargo	Blanco	2024.0	4N Quilicura	Activa	2027-03-01	2027-03-01	2026-07-01	2026-07-01 00:00:00	1,3 TN	2.5	10.5264	6.12	172.0	340	180	Furgón-Foton
TJGR-16	TJGR16	https://drive.google.com/drive/folders/12fXY6I973D97HX8y_l42fyjzEfrNRYEx?usp=sharing	PMCB	Furgón	Mercedes	Sprinter 517	Blanco	2024.0	4N Quilicura	Activa	2027-03-01	2027-03-01	2026-03-01	2026-03-01 00:00:00	2,5 TN	3.5	15.552	8.64	180.0	480	180	Furgón-Mercedes
SVRB-44	SVRB44	https://drive.google.com/drive/folders/1hHRr2rOzB3utXNP_A5e--i8aKGYMJy0f?usp=sharing	4N	Tracto	Scania	R500	Verde	2023.0	4N Quilicura	Activa	2026-09-30	2026-09-30	2026-05-11	2026-05-11 00:00:00	25TN			0.0	0.0	0	0	Tracto-Scania
RKTL-35	RKTL35		PMCB	Tracto	Foton	Auman	Rojo	2023.0	4N Quilicura	Activa	2026-09-30	2026-09-30			25TN			0.0	0.0	0	0	Tracto-Foton
PWZJ-48	PWZJ48	https://drive.google.com/drive/folders/1acN6j-0mbBsVhBua96t9f4MkOuFlsx2o?usp=sharing	PMCB	Rampla	Utility	Reefer	Blanco	2014.0	4N Quilicura	Activa	2026-09-30	2026-09-30	2026-05-13	no aplica	25TN	28	101.14	40.456	250.0	1556	260	Rampla-Utility
PXGX-13	PXGX13	https://drive.google.com/drive/folders/1UYK8tCNuchQlUFz2vOK8-4uDz_8XIYQ4?usp=sharing	PMCB	Rampla	Tremax	Actros Plano	Blanco	2024.0	4N Quilicura	Activa	2026-09-30	2026-09-30		no aplica	25TN	26		36.25		1450	250	Rampla-Tremax
PYWJ-20	PYWJ20	https://drive.google.com/drive/folders/1jMpVq-Ysm3FAwsaPN538j98JRpZDx4Mi?usp=sharing	4N	Camioneta	Mercedez	Citan	Blanco	2021.0	4N Quilicura	Vendido					780 KL	0.5	2.84375	2.275	125.0	175	130	Camioneta-Mercedez
TDTJ-76	TDTJ76	https://drive.google.com/drive/folders/1xFmweQTeZlpAAGAlLS2iDX1MM3Cy4lbj?usp=sharing	PMCB	Camión	Mercedes	Actros	Blanco	2024.0	4N Quilicura	Vendido					25TN			0.0	0.0	0	0	Camión-Mercedes
TRWD-80	TRWD80	https://drive.google.com/drive/folders/1spks7GpeWUiOBdZXbM12SAD2mXho2jls?usp=sharing	4N	Camioneta	Peugeot	Partnert	Blanco	2024.0	4N Quilicura	Robado					850 KL	0.8	3.49125	2.793	125.0	190	147	Camioneta-Peugeot
RPCD-80	RPCD80	https://drive.google.com/drive/folders/11zR9uir-0-mEDGNHdx61WWEVFTBtbwXG?usp=sharing	4N	Furgón	Maxus	Deliver 9 Cargo L2H2	Blanco	2022.0	4N Quilicura	Vendido					0	0	0.0	0.0	0.0	0	0	Furgón-Maxus
TVHY-33	TVHY33	https://drive.google.com/drive/folders/135QCDvvQtOFIptIGpnecxNw-tcEGYgeV?usp=sharing	4N	Furgón	Maxus	Pasajero	Blanco	2025.0	4N Quilicura	Vendido					1,1 TN	10 Personas	5.2	0.0	0.0	0	0	Furgón-Maxus
