Peso	Peso Transformado
0.01 kg	1
0.02 kg	1
0.03 kg	1
0.04 kg	1
0.05 kg	1
0.06 kg	1
0.07 kg	1
0.08 kg	1
0.09 kg	1
0.10 kg	1
0.11 kg	1
0.12 kg	1
0.13 kg	1
0.14 kg	1
0.16 kg	1
0.17 kg	1
0.18 kg	1
0.19 kg	1
0.20 kg	1
0.21 kg	1
0.22 kg	1
0.23 kg	1
0.24 kg	1
0.25 kg	1
0.26 kg	1
0.27 kg	1
0.28 kg	1
0.29 kg	1
0.30 kg	1
0.31 kg	1
0.32 kg	1
0.33 kg	1
0.34 kg	1
0.35 kg	1
0.36 kg	1
0.37 kg	1
0.38 kg	1
0.39 kg	1
0.40 kg	1
0.41 kg	1
0.42 kg	1
0.43 kg	1
0.44 kg	1
0.45 kg	1
0.46 kg	1
0.47 kg	1
0.48 kg	1
0.49 kg	1
0.50 kg	1
0.51 kg	1
0.52 kg	1
0.53 kg	1
0.54 kg	1
0.55 kg	1
0.56 kg	1
0.57 kg	1
0.58 kg	1
0.59 kg	1
0.60 kg	1
0.62 kg	1
0.63 kg	1
0.64 kg	1
0.65 kg	1
0.66 kg	1
0.67 kg	1
0.68 kg	1
0.70 kg	1
0.71 kg	1
0.72 kg	1
0.74 kg	1
0.75 kg	1
0.76 kg	1
0.77 kg	1
0.78 kg	1
0.79 kg	1
0.80 kg	1
0.81 kg	1
0.82 kg	1
0.83 kg	1
0.84 kg	1
0.85 kg	1
0.87 kg	1
0.88 kg	1
0.89 kg	1
0.90 kg	1
0.91 kg	1
0.92 kg	1
0.93 kg	1
0.95 kg	1
0.96 kg	1
0.98 kg	1
1,564.00 kg	1
1,963.00 kg	1
1.00 kg	1
1.01 kg	1
1.02 kg	1
1.03 kg	1
1.04 kg	1
1.05 kg	1
1.06 kg	1
1.07 kg	1
1.08 kg	1
1.10 kg	1
1.11 kg	1
1.15 kg	1
1.17 kg	1
1.20 kg	1
1.21 kg	1
1.22 kg	1
1.24 kg	1
1.25 kg	1
1.27 kg	1
1.28 kg	1
1.30 kg	1
1.31 kg	1
1.33 kg	1
1.34 kg	1
1.35 kg	1
1.38 kg	1
1.40 kg	1
1.43 kg	1
1.44 kg	1
1.48 kg	1
1.50 kg	1
1.52 kg	1
1.55 kg	1
1.59 kg	1
1.60 kg	1
1.61 kg	1
1.63 kg	1
1.65 kg	1
1.67 kg	1
1.69 kg	1
1.70 kg	1
1.75 kg	1
1.76 kg	1
1.80 kg	1
1.83 kg	1
1.85 kg	1
1.90 kg	1
1.91 kg	1
1.96 kg	1
1.97 kg	1
1.98 kg	1
1.99 kg	1
10.00 kg	10
10.10 kg	10
10.12 kg	10
10.15 kg	10
10.18 kg	10
10.20 kg	10
10.25 kg	10
10.29 kg	10
10.30 kg	10
10.32 kg	10
10.35 kg	10
10.38 kg	10
10.40 kg	10
10.41 kg	10
10.43 kg	10
10.45 kg	10
10.50 kg	10
10.51 kg	10
10.57 kg	10
10.60 kg	10
10.61 kg	10
10.70 kg	10
10.73 kg	10
10.74 kg	10
10.75 kg	10
10.76 kg	10
10.79 kg	10
10.80 kg	10
10.83 kg	10
101.00 kg	101
11.00 kg	11
11.08 kg	11
11.10 kg	11
11.12 kg	11
11.16 kg	11
11.20 kg	11
11.22 kg	11
11.25 kg	11
11.40 kg	11
11.50 kg	11
11.54 kg	11
11.60 kg	11
11.63 kg	11
11.67 kg	11
11.70 kg	11
11.75 kg	11
11.79 kg	11
11.80 kg	11
12,000.00 kg	12
12.00 kg	12
12.10 kg	12
12.12 kg	12
12.20 kg	12
12.25 kg	12
12.30 kg	12
12.33 kg	12
12.38 kg	12
12.40 kg	12
12.50 kg	12
12.60 kg	12
12.67 kg	12
12.70 kg	12
12.75 kg	12
12.80 kg	12
13.00 kg	13
13.10 kg	13
13.13 kg	13
13.17 kg	13
13.18 kg	13
13.20 kg	13
13.25 kg	13
13.32 kg	13
13.33 kg	13
13.40 kg	13
13.48 kg	13
13.50 kg	13
13.55 kg	13
13.60 kg	13
13.70 kg	13
13.75 kg	13
13.80 kg	13
13.95 kg	13
131.00 kg	131
14.00 kg	14
14.03 kg	14
14.10 kg	14
14.24 kg	14
14.30 kg	14
14.33 kg	14
14.40 kg	14
14.45 kg	14
14.50 kg	14
14.53 kg	14
14.60 kg	14
14.65 kg	14
14.70 kg	14
14.73 kg	14
14.78 kg	14
14.93 kg	14
15.00 kg	15
15.13 kg	15
15.20 kg	15
15.30 kg	15
15.40 kg	15
15.50 kg	15
15.57 kg	15
15.60 kg	15
15.65 kg	15
15.67 kg	15
15.70 kg	15
15.75 kg	15
15.80 kg	15
155.00 kg	155
16.00 kg	16
16.04 kg	16
16.05 kg	16
16.20 kg	16
16.21 kg	16
16.30 kg	16
16.33 kg	16
16.50 kg	16
16.60 kg	16
16.67 kg	16
16.88 kg	16
162.00 kg	162
17.00 kg	17
17.20 kg	17
17.30 kg	17
17.38 kg	17
17.40 kg	17
17.50 kg	17
17.60 kg	17
17.71 kg	17
17.75 kg	17
17.80 kg	17
17.83 kg	17
17.90 kg	17
18.00 kg	18
18.30 kg	18
18.33 kg	18
18.40 kg	18
18.43 kg	18
18.50 kg	18
18.70 kg	18
18.80 kg	18
18.83 kg	18
18.91 kg	18
19.00 kg	19
19.10 kg	19
19.14 kg	19
19.19 kg	19
19.20 kg	19
19.30 kg	19
19.40 kg	19
19.45 kg	19
19.50 kg	19
19.65 kg	19
19.67 kg	19
19.70 kg	19
19.80 kg	19
19.90 kg	19
19.95 kg	19
192.00 kg	192
196.00 kg	196
2.00 kg	2
2.05 kg	2
2.08 kg	2
2.10 kg	2
2.15 kg	2
2.18 kg	2
2.20 kg	2
2.22 kg	2
2.25 kg	2
2.26 kg	2
2.28 kg	2
2.32 kg	2
2.33 kg	2
2.34 kg	2
2.35 kg	2
2.40 kg	2
2.41 kg	2
2.42 kg	2
2.43 kg	2
2.48 kg	2
2.50 kg	2
2.52 kg	2
2.53 kg	2
2.55 kg	2
2.57 kg	2
2.60 kg	2
2.64 kg	2
2.65 kg	2
2.67 kg	2
2.68 kg	2
2.70 kg	2
2.75 kg	2
2.80 kg	2
2.85 kg	2
2.90 kg	2
2.95 kg	2
2.96 kg	2
20.00 kg	20
20.10 kg	20
20.13 kg	20
20.33 kg	20
20.50 kg	20
20.60 kg	20
20.71 kg	20
200.00 kg	200
21.00 kg	21
21.33 kg	21
21.80 kg	21
22.00 kg	22
22.20 kg	22
22.50 kg	22
22.80 kg	22
23.00 kg	23
24.00 kg	24
24.50 kg	24
249.00 kg	249
25.00 kg	25
255.00 kg	255
259.00 kg	259
26.00 kg	26
261.00 kg	261
27.00 kg	27
272.00 kg	272
28.00 kg	28
29.00 kg	29
3.00 kg	3
3.03 kg	3
3.05 kg	3
3.07 kg	3
3.10 kg	3
3.15 kg	3
3.20 kg	3
3.25 kg	3
3.27 kg	3
3.30 kg	3
3.32 kg	3
3.33 kg	3
3.40 kg	3
3.48 kg	3
3.50 kg	3
3.52 kg	3
3.55 kg	3
3.60 kg	3
3.61 kg	3
3.67 kg	3
3.68 kg	3
3.70 kg	3
3.76 kg	3
3.80 kg	3
3.89 kg	3
3.90 kg	3
3.92 kg	3
3.96 kg	3
30.00 kg	30
301.00 kg	301
305.00 kg	305
308.00 kg	308
32.00 kg	32
320.00 kg	320
325.00 kg	325
330.00 kg	330
336.00 kg	336
34.00 kg	34
34.50 kg	34
343.00 kg	343
347.00 kg	347
35.00 kg	35
373.00 kg	373
374.00 kg	374
379.00 kg	379
38.00 kg	38
39.00 kg	39
399.00 kg	399
4,182.00 kg	4
4.00 kg	4
4.10 kg	4
4.13 kg	4
4.17 kg	4
4.18 kg	4
4.20 kg	4
4.30 kg	4
4.33 kg	4
4.35 kg	4
4.40 kg	4
4.41 kg	4
4.44 kg	4
4.50 kg	4
4.56 kg	4
4.60 kg	4
4.62 kg	4
4.65 kg	4
4.67 kg	4
4.70 kg	4
4.80 kg	4
4.90 kg	4
4.94 kg	4
4.95 kg	4
4.98 kg	4
4.99 kg	5
40.00 kg	40
417.00 kg	417
445.00 kg	445
45.00 kg	45
46.00 kg	46
463.00 kg	463
483.00 kg	483
5.00 kg	5
5.10 kg	5
5.20 kg	5
5.24 kg	5
5.25 kg	5
5.26 kg	5
5.30 kg	5
5.39 kg	5
5.40 kg	5
5.50 kg	5
5.60 kg	5
5.67 kg	5
5.70 kg	5
5.75 kg	5
5.78 kg	5
5.80 kg	5
5.90 kg	5
5.92 kg	5
50.00 kg	50
51,014.00 kg	51
529.00 kg	529
533.00 kg	533
54,648.00 kg	54
55.00 kg	55
57.00 kg	57
575.00 kg	575
58,282.00 kg	58
58.00 kg	58
583.00 kg	583
585.00 kg	585
6.00 kg	6
6.03 kg	6
6.10 kg	6
6.15 kg	6
6.20 kg	6
6.25 kg	6
6.30 kg	6
6.32 kg	6
6.40 kg	6
6.50 kg	6
6.52 kg	6
6.54 kg	6
6.57 kg	6
6.60 kg	6
6.65 kg	6
6.67 kg	6
6.75 kg	6
6.80 kg	6
6.92 kg	6
651.00 kg	651
662.00 kg	662
67.00 kg	67
671.00 kg	671
684.00 kg	684
697.00 kg	697
698.00 kg	698
7.00 kg	7
7.03 kg	7
7.06 kg	7
7.10 kg	7
7.20 kg	7
7.25 kg	7
7.30 kg	7
7.33 kg	7
7.40 kg	7
7.50 kg	7
7.55 kg	7
7.60 kg	7
7.65 kg	7
7.70 kg	7
7.74 kg	7
7.80 kg	7
7.90 kg	7
7.92 kg	8
7.96 kg	7
7.98 kg	7
71.00 kg	71
712.00 kg	712
714.00 kg	714
72,864.00 kg	72
725.00 kg	725
76.00 kg	76
766.00 kg	766
768.00 kg	768
773.00 kg	773
777.00 kg	777
783.00 kg	783
784.00 kg	784
797.00 kg	797
8.00 kg	8
8.05 kg	8
8.13 kg	8
8.15 kg	8
8.20 kg	8
8.25 kg	8
8.30 kg	8
8.33 kg	8
8.35 kg	8
8.43 kg	8
8.50 kg	8
8.53 kg	8
8.59 kg	8
8.60 kg	8
8.67 kg	8
8.70 kg	8
8.75 kg	8
8.80 kg	8
8.81 kg	8
8.82 kg	8
8.90 kg	8
8.93 kg	8
804.00 kg	804
81,000.00 kg	81
83,273.14 kg	83
877.00 kg	877
890.00 kg	890
9,108.00 kg	9
9.00 kg	9
9.10 kg	9
9.20 kg	9
9.21 kg	9
9.25 kg	9
9.30 kg	9
9.33 kg	9
9.40 kg	9
9.48 kg	9
9.50 kg	9
9.57 kg	9
9.60 kg	9
9.70 kg	9
9.80 kg	9
90.00 kg	90
906.00 kg	906
915.00 kg	915
925.00 kg	925
926.00 kg	926
953.00 kg	953
960.00 kg	960
X	1
