Empresa Facturadora	Rut	RUT sin DV	Comerciante (Pila)	Razon social	Direccion Factura	Comuna Factura	Giro
PMCB	77419350-2	77419350	Adhegraf	Etiquetas Autoadhesivas Cristian Valdes Blanco E.I.R.L.	Carrascal 4014	Quinta Normal	Otras actividades de impresión n.c.p.
PMCB	96830710-k	96830710	Aimpresores	A Impresores S.A.	Av. Gladys Marín Millie 6920	Estación Central	Impresión de libros; actividades de servicios relacionadas con la impresión.
PMCB	77310592-8	77310592	BGB SPA	Bgb Spa	Huelén 10, Depto. 403	Providencia	Actividades postales; actividades de mensajería.
4N	81826800-9	81826800	Cajas Los Andes	Caja De Compensación De Asignación Familiar De Los Andes	General Calderón 121	Providencia	Cajas de compensación.
PMCB	96950080-9	96950080	Chilepost	Consorcio Nacional De Distribución Y Logística Sociedad Anónima	Victoria 339	Santiago	Otros servicios de almacenamiento y depósito n.c.p.; actividades de servicios vinculadas al transporte terrestre n.c.p.
4N	96511460-2	96511460	Construmart	Construmart S.A.	Av. Presidente Eduardo Frei Montalva 9275	Quilicura	Venta al por menor de artículos de ferretería y materiales de construcción; venta al por mayor de materiales de construcción, artículos de ferretería, gasfitería y calefacción.
4N	89807200-2	89807200	Cruz Verde	Farmacias Cruz Verde Spa	Av. El Salto 4875	Huechuraba	Venta al por menor de productos farmacéuticos y medicinales en comercios especializados.
PMCB	78064534-2	78064534	Drop	Grupo Drop Spa	Don Carlos 2939, Depto. 208	Las Condes	Servicios de publicidad prestados por empresas.
PMCB	77907823-K	77907823	Ecopaños y Huaipes SPA	Ecopaños Y Huaipes Spa	Andes 3906	Maipú	Otras actividades de servicios de apoyo a las empresas n.c.p.
PMCB	78445850-4	78445850	Envia Ltda	Servicios De Correspondencia Envia Spa	Santa Elena 2051	Santiago	Actividades postales.
NA	77346078-7	77346078	4Nortes	4 Nortes Logística Spa	C. Panamericana 9215	Quilicura	Transporte de carga por carretera; actividades de mensajería; venta al por mayor de diarios y revistas.
PMCB	78293000-1	78293000	Global Courier SA	Empresa De Servicios Postales Limitada	Maule 615	Santiago	Actividades de mensajería.
PMCB	76631490-2	76631490	Global Med	Comercializadora De Tecnologías Médicas Global Med Spa	Av. Jaime Guzmán 3225	Renca	Fabricación de instrumentos y materiales médicos, oftalmológicos y odontológicos n.c.p.
PMCB	77415130-3	77415130	(Ushop) Articulos Publicitarios LW	Artículos Publicitarios Lw Limitada	Javiera Carrera 115	Colina	Servicios de publicidad prestados por empresas; venta al por mayor de materias primas agrícolas.
PMCB	90106000-2	90106000	Grafica Quilicura	Sistemas Gráficos Quilicura S.A.	Av. Víctor Uribe 2281	Quilicura	Edición de libros; impresión de libros.
PMCB	77861584-3	77861584	Habasit	Habasit Chile Spa	Cordillera 331, Módulo D13	Quilicura	Fabricación de otros tipos de equipo de transporte n.c.p.; venta al por mayor de otros tipos de maquinaria y equipo n.c.p.
PMCB	76072176-K	76072176	Hemisferio Norte SA	Hemisferio Norte S.A.	Los Libertadores, Lote 106	Colina	Actividades de servicios relacionadas con la impresión; servicios de revelado, impresión y ampliación de fotografías.
PMCB	76713273-5	76713273	(HN Metales) Inversiones Saldivia Spa	HN Metales SA	Los Libertadores, Lote 106	Colina	Actividades de servicios relacionadas con la impresión; servicios de revelado, impresión y ampliación de fotografías.
PMCB	76377752-9	76377752	Ediciones Issue Spa	Ediciones Issue Spa	Marchant Pereira 150	Providencia	Servicios de publicidad prestados por empresas.
PMCB	79500520-K	79500520	Maicao	Comercial Maicao Spa	Av. El Salto 4875	Huechuraba	Venta al por mayor no especializada; venta al por menor de artículos de perfumería, de tocador y cosméticos.
PMCB	76057337-K	76057337	Nutrabody	Comercializadora Sirio Spa	Santa Elena 1399	Huechuraba	Venta al por menor de alimentos en comercios especializados (almacenes pequeños y minimarket).
PMCB	76710584-3	76710584	Opia Marcketing Spa	Opia Marketing Spa	San Francisco De Asís 150, Of. 608	Vitacura	Actividades de servicios vinculadas al transporte terrestre n.c.p.; servicios de publicidad prestados por empresas; actividades de consultoría de gestión.
4N	85037900-9	85037900	Comercial Peumo Ltda	Comercial Peumo Limitada	Santa Rosa 0837	Puente Alto	Venta al por mayor de bebidas alcohólicas y no alcohólicas.
PMCB	76288430-5	76288430	(Postalchile) Sociedad De Distribucion Y Logistica Postalchile Ltda	Sociedad De Distribución Y Logística Postalchile Spa	Martínez De Rosas 3600	Quinta Normal	Actividades postales; actividades de mensajería.
4N	76263819-3	76263819	RevesDerecho	Grupo Nr Spa	Av. Alonso De Córdova 2860, Of. 602	Vitacura	Venta al por mayor de otras materias primas agropecuarias n.c.p.; venta al por menor de telas, lanas, hilos y similares en comercios especializados.
PMCB	79647180-8	79647180	Comercial Reginella Ltda	Comercial Reginella Limitada	Pedro De Valdivia 6080	Macul	Venta al por mayor de productos textiles, prendas de vestir y calzado.
4N	76012833-3	76012833	Rendic Hmnos	Super 10 S.A.	Cerro El Plomo 5680, Pisos 7 Al 11	Las Condes	Venta al por menor en comercios de alimentos, bebidas o tabaco (supermercados e hipermercados).
PMCB	76438001-0	76438001	(R. Ambiente) Ambiente diseño y Comunicacion Spa	Ambientes Diseño Y Comunicación Spa	Av. Presidente Kennedy 5600	Vitacura	Edición de diarios, revistas y otras publicaciones periódicas.
PMCB	78599750-6	78599750	InduAmbiente	Comunicaciones Tiempo Nuevo S.A.	Los Leones 382	Providencia	Edición de libros.
PMCB	76336423-2	76336423	Imprenta Babieca	Ediciones Babieca Limitada	Av. José Alcalde Délano 10581, Of. 622, Piso 6	Lo Barnechea	Edición de libros; edición de diarios, revistas y otras publicaciones periódicas.
PMCB	79840580-2	79840580	Imprenta Socias Ltda	Impresos Socias Limitada	Chiloé 2934	San Miguel	Impresión de libros; otras actividades de impresión n.c.p.
PMCB	78347433-6	78347433	The Planners Group Spa	The Planners	Av Raul Labbe 12613 Piso 2	Lo Barnechea	Organizacion y produccion de eventos y servicios publicitarios
4N	60910000-1	60910000	Universidad de chile	Universidad De Chile	Av. Libertador Bernardo O’Higgins 1058	Santiago	Enseñanza superior en universidades públicas.
4N	76058647-1	76058647	Verisure Spa	Verisure Chile Spa	Enrique Foster Sur 20	Las Condes	Servicios de seguridad privada prestados por empresas.
PMCB	77970068-2	77970068	Vinilo	COMERCIALIZADORA Y ASESORIAS PROFESIONALES NFLC SPA	Carmen Covarrubias 184, depto 35	Ñuñoa	COMERCIALIZADORA AL POR MENOR DE GRABACIONES DE MUSICA
PMCB	76504464-2	76504464	Comercial VLB Ltda	Comercial Vlb Limitada	Caupolicán 9450, Lote 11	Quilicura	Fabricación de ropa de trabajo; venta al por mayor de productos textiles, prendas de vestir y calzado.
PMCB	76578735-1	76578735	EVERGROUP SPA	Ever Group Spa	Av. La Dehesa 1844	Lo Barnechea	Venta al por mayor no especializada.
