Rut_Proveedor	TipoOperador	Razon_Social	Operador	Tipo_Documento	Titular_Banco	RUT_Titular_Banco	Banco	Tipo_Cuenta	Nro_Cuenta	DireccionComercial	ComunaComercial	NombreContacto	TelefonoContacto	CorreoContacto
10629309-0	RM	Jorge Luis Tarbes Vergara	Jorge Tarbes (Courier Stgo)	Factura	Jorge Luis Tarbes Vergara	10629309-0	Banco Chile	Cuenta Corriente	888538003					
0-0	RM	No Aplica	No Aplica	No Aplica	No Aplica	No Aplica	No Aplica	No Aplica	No Aplica					
0-1	RM	Planta	No Aplica	Sin Documento	N/A	N/A	N/A	N/A	N/A					
0-2	RM	Planta	No Aplica	Sin Documento	N/A	N/A	N/A	N/A	N/A					
10124367-2	Regiones	Nelson Luis Cisternas Rivera	Nelson Cisterna (Arica)	Factura	Nelson Cisterna Riveros (Arica)	10124367-2	Banco Estado	Cuenta Vista	101243672					
10320311-2	RM	Nelson Enrique Torres Castro	Nelson Torres (La Tercera)	Boleta de Honorarios	Nelson Enrique Torres Castro	10320311-2	Banco Estado	Cuenta Vista	103203112					
10869353-3	RM	Claudia Morales Venegas	Claudia Morales (Courier Stgo)	Factura	Claudia Morales Venegas	10869353-3	Falabella	Cuenta Corriente	19831401101					
11189365-9	Regiones	Maria Antonia Guerrero Plaza	Casa Blanca (V Region)	Factura	Maria Antonia Guerrero Plaza	11189365-9	Banco Estado	Cuenta Vista	11189365					
11866495-7	RM	CECILIA ISABEL BURGOS CACERES	Cecilia Burgos (Courier Stgo)	Factura	CECILIA ISABEL BURGOS CACERES	11866495-7	Banco Estado	Cuenta Vista	11866495					
11942383-K	Regiones	José Abraham Caneo Figueroa	Jose Caneo (La Ligua)	Factura	José Abraham Caneo Figueroa	11942383-K	Banco Estado	Cuenta Corriente	21700015294					
12269012-1	RM	Juan Oyarce Valenzuela	Juan Oyarce (Agencia)	Boleta de Honorarios	Juan Oyarce Valenzuela	12269012-1	Banco Estado	Cuenta Vista	122690121					
12388671-2	RM	Yonny Alex Ñanculeo Marileo	Yonny Ñanculeo (Agencia)	Boleta de Honorarios	Yonny Ñanculeo Marileo	12388671-2	Falabella	Cuenta Corriente	15270080785					
12538127-8	Regiones	Claudio Andres Cuevas Aravena	Cluadio Cuevas (Temuco)	Boleta de Honorarios	Claudio Andres Cuevas Aravena	12538127-8	Banco Estado	Cuenta Vista	12538127					
13013180-8	Regiones	Víctor Enrique Robledo Escalona	Victor Robledo (Calama)	Factura	Víctor Enrique Robledo Escalona	13013180-8	Falabella	Cuenta Corriente	19811186327					
13590206-3	Regiones	Johanna Andrea Oyarzo de la Fuente	Johanna Oyarzo (Osorno)	Factura	Johanna Andrea Oyarzo de la Fuente	13590206-3	Falabella	Cuenta Corriente	19993792105					
15474387-1	RM	Maria Jose Boada Gonzalez	Maria Boada (Courier Stgo)	Factura	Maria Jose Boada Gonzalez	15474387-1	Falabella	Cuenta Corriente	19990406812					
15536672-9	RM	Nelson Andres Lopez Carreño	Nelson Lopez (La Tercera)	Boleta de Honorarios	Nelson Andres Lopez Carreño	15536672-9	Banco Estado	Cuenta Vista	15536672					
15538591-k	RM	Susan Aurora Valenzuela Astudillo	Susan Valenzuela (Agencia)	Boleta de Honorarios	Susan Aurora Valenzuela Astudillo	15538591-k	Banco Estado	Cuenta Vista	15538591					
16945660-7	Regiones	Fabian Alonso Pino Miranda	Fabian Pino (Isla)	Boleta de Honorarios	Fabian Alonso Pino Miranda	16945660-7	Banco Chile	Cuenta Corriente	2711285010					
17657150-0	Regiones	Micael Eleazar Figueroa Diaz. 	Micael Figueroa (Los Andes)	Factura	Micael Eleazar Figueroa Diaz 	17657150-0	Copeuch	Cuenta Vista	190378346					
17662544-9	RM	Ana Luisa Venegas Bruna	Ana Venegas (Courier Stgo)	Factura	Ana Luisa Venegas Bruna	17662544-9	Santander	Cuenta Corriente	89460840					
17850968-3	RM	Jose Ignacio Collio Paillao	Jose Collio (Courier Stgo)	Factura	Jose Ignacio Collio Paillao	17850968-3	Banco Chile	Cuenta Vista	1571124351					
18765018-6	RM	Scarllett Arce Villegas	Scarllett Arce (Agencia)	Boleta de Honorarios	Scarlett Arce Villegas	18765018-6	Banco Estado	Cuenta Vista	18765018					
19488954-2	Regiones	Paula Valencia Báez	Paula Valencia (Viña del Mar)	Factura	Paula Valencia Báez	19488954-2	Falabella	Cuenta Corriente	19800356810					
6889211-2	RM	David Arellano Morales	David Arellano (Agencia)	Factura	David Arellano Morales	6889211-2	Scotiabank	Cuenta Corriente	973002260					
7220635-5	RM	Esnedi Del Carmen Beroiza Beroiza	Esnedi Beroiza (Courier Stgo)	Boleta de Honorarios	Esnedi Del Carmen Beroiza Beroiza	7220635-5	Banco Estado	Cuenta Vista	7220635					
7481733-5	Regiones	Sergio Antonio Pino Ibaceta	Sergio Pino (Pto Montt)	Factura	Sergio Antonio Pino Ibaceta	7481733-5	Banco Estado	Cuenta Vista	74817335					
76052551-0	Regiones	Transportes Distribucion y servicios ltda	Mercasur (Chillan - Los Angeles)	Factura	Transportes Distribucion y servicios ltda	76052551-0	Banco Chile	Cuenta Corriente	9980498509					
76064767-5	Regiones	Distribucion y Servicios Daphne Katalina Meza Ramos EIRL	Daphne Meza (San Fernando)	Factura	Daphne Catalina Meza Ramos (San Fernando)	12183868-0	Itau	Cuenta Corriente	208820579					
76115557-1	Regiones	Soc. Som. Austral Distribuciones Ltda.	Jorge Gonzalez (ptas Arenas)	Factura	Soc Som Austral Distribuciones Ltda	76115557-1	Banco Chile	Cuenta Corriente	2901474107					
76147222-4	Regiones	Transportes Mándame SPA	Transporte Mandame (Talagante)	Factura	Transportes Mandame SPA	76147222-4	Santander	Cuenta Corriente	65050226					
76528088-5	Regiones	Servicio de Encargo y Encomiendas Daniela Soto G EIRL	Miguel Celis (Curico)	Factura	Miguel Angel Celis Fredes (Curico)	11558867-2	Santander	Cuenta Corriente	65200872					
76556632-0	Regiones	Postman Logística y Distribución EIRL	Postman Cargo (Alto Hospicio)	Factura	Postman Logística y Distribución EIRL	76556632-0	BCI	Cuenta Corriente	29050022					
76716142-5	RM	ESTUDIO PLIEGUE SPA	Alvaro Robles (Courier Stgo)	Factura	Ediciones Liz	76716142-5	Banco Estado	Cuenta Vista	37173622652					
77145818-1	Regiones	Transportes Villaseca SPA	Carlos Villaseca (Talca)	Factura	Carlos Luis Villaseca Gajardo	77145818-1	Itau	Cuenta Corriente	215668492					
77201525-9	RM	DS GROUP SPA	DSG (Servicios)	Factura	DS GROUP SPA	77201525-9	BCI	Cuenta Corriente	70922179					
77300326-2	Regiones	Transportes Claudio Andres Castro Valenzuela E.I.R.L. 	Claudio Castro (Antofagasta)	Factura	Transportes Claudio Andres Castro Valenzuela EIRL 	77300326-2	Banco Estado	Cuenta Ahorro	2565805730					
77301587-2	Regiones	Distribuidora Graciela Burgos Jeldes EIRL	Graciela Burgos (Copiapo)	Factura	Dist Graciela Burgos Jeldes EIRL	773015872	Santander	Cuenta Corriente	87854310					
77390761-7	RM	TRANSPORTE BAG SPA - CONTADO	Transportes BAG (Servicios)	Factura	TRANSPORTE BAG SPA	77390761-7	Santander	Cuenta Corriente	94046629					
77417055-3	Regiones	Transportes y Distribuciones AVAA SPA	Tamara Maldonado (Balmaceda)	Factura	Tamara Elena Maldonado Guerrero	163638320	BCI	Cuenta Corriente	49610261					
77458608-3	Regiones	De Tentempie SPA	Deyna (Valdivia)	Factura	Deyna Araneda	19247659-3	Falabella	Cuenta Corriente	19992869144					
77656334-K	RM	SANREY SPA	Claudia Reyes (Courier Stgo)	Factura	Claudia E Reyez Santibañez	13692859-7	Banco Estado	Cuenta Vista	136928597					
77845965-5	RM	BULLDOG TRAVELS SPA	Jontahan Reyes (Courier Stgo)	Factura	JONATHAN DANILO REYES AGUILAR 	17340673-8	Banco Estado	Cuenta Vista	17340673					
77946757-0	RM	Transportes Alvaro Patricio Conejeros Michellod EIRL	Alvaro Conejeros (Courier Stgo)	Factura	Transportes Alvaro Patricio  Conejeros Michellod EIRL	77946757-0	Banco Estado	Cuenta Vista	34871797627					
78138313-9	RM	Asetrans Spa	Giuseppe Perini (Courier Stgo)	Factura	Giuseppe Perini Oyarzun 	6553146-1	Scotiabank	Cuenta Corriente	992892994					
78206404-5	RM	JIG SPA	Williams Quispe (Courier Stgo)	Factura	WILFREDO WILLIAMS QUISPE GUTIERREZ	23235913-7	Falabella	Cuenta Corriente	15300013326					
78207289-7	RM	Transporte Romina Gonzalez EIRL	Manuel Contreras (Courier Stgo)	Factura	Transporte Romina Gonzalez EIRL	78207289-7	BCI	Cuenta Corriente	97606693					
78269187-2	RM	Mauricio Alejandro Zuñiga Fuentes Transportes EIRL	Mauricio Zuñiga (Courier Stgo)	Factura	Mauricio Alejandro Zuñiga Fuentes	13689979-1	Scotiabank	Cuenta Vista	190134555					
78350442-1	RM	ACS DISTRIBUCION Y SERVICIOS SPA	Claudio Gonzalez (Courier Stgo)	Factura	Claudio Gonzalez Grandon	15346034-5	Falabella	Cuenta Corriente	16030027701					
78429685-7	RM	DISTRIBUIDOR SERVICIOS Y ENCARGOS SPA	Jose Hormazaval (Courier Stgo)	Factura	Jose Luis Hormazabal Silva	10706022-7	Banco Ripley	Cuenta Vista	4042531138					
78464442-1	RM	GRC LOGÍSTICA Y DISTRIBUCIÓN SPA	Guillermo Guevara (Agencia - Courier)	Factura	Guillermo Raul Guevara Candia	11348815-8	Banco Estado	Cuenta Vista	113488158					
78480951-k	Regiones	JJ Cargo y Distribucion Spa	Javier Salgado (Temuco)	Factura	JJ Cargo y Distribucion Spa	78480951-k	BCI	Cuenta Corriente	72767727					
8906841-K	Regiones	Hugo Mauricio López Beltran	Hugo Lopez (Rancagua)	Boleta de Honorarios	Hugo Mauricio López Beltran	8906841K	Banco Estado	Cuenta Vista	8906841					
8960481-8	Regiones	Celia Carolina León Díaz	Celia Leon (Litoral)	Factura Exenta	Celia Carolina León Díaz	8960481-8	Banco Chile	Cuenta Corriente	1450040007					
9707165-9	RM	Marcela Alejandra Alonso Jimenez	Marcela Alonso (Agencia)	Boleta de Honorarios Tercero	Marcela Alejandra Alonso Jimenez	9707165-9	Falabella	Cuenta Corriente	15170099210					
9846947-8	Regiones	Hector Eduardo Rivera Carrasco	Hector Rivera (Coquimbo)	Factura	Hectro Eduardo Rivera Carrasco (Coquimbo)	9846947-8	Santander	Cuenta Corriente	72038428					
99595520-2	RM	Distribuidora Marcos Alarcon e Hijos SA	Francisco Alarcon (Agencia)	Factura	Distribuidora Marcos Alarcon e Hijos SA	99595520-2	Banco Chile	Cuenta Corriente	1550303503					
N/A	RM	No Aplica	No Aplica	Sin Documento	N/A	N/A	N/A	N/A	N/A					
