Localidad	Primer Bulto	Resto de los bultos
ALAMEDA	1500	500
alhue	1500	500
BUIN	1500	500
BUIN 1	1500	500
BUIN1	1500	500
Calera De Tango	1500	500
CaleraDeTango	1500	500
CD QUILICURA	1500	500
Cerillos	1500	500
Cerrillos	1500	500
Cerro Navia	1500	500
CerroNavia	1500	500
CHEVALIER	1500	500
Chicureo	1500	500
CHICURERO	1500	500
Colina	1500	500
COLINA  	1500	500
COLINA 	1500	500
Conchali	1500	500
Conchalí	1500	500
CONCHALﾍ	1500	500
DIBAMA	1500	500
El Bosque	1500	500
ElBosque	1500	500
Est Central	1500	500
Estacion Central	1500	500
Estación Central	1500	500
EstacionCentral	1500	500
ESTACIﾓN CENTRAL	1500	500
ESTACIﾓNCENTRAL	1500	500
Estaci Central	1500	500
EstaciCentral	1500	500
EstCentral	1500	500
Huechuraba	1500	500
Independencia	1500	500
La Cisterna	1500	500
La Florida	1500	500
La Granja	1500	500
La Pintana	1500	500
La Prado	1500	500
La Reina	1500	500
LaCisterna	1500	500
LaFlorida	1500	500
LaGranja	1500	500
Lampa	1500	500
LaPintana	1500	500
LaReina	1500	500
Las Condes	1500	500
LAS REJAS	1500	500
LasCondes	1500	500
Linderos	1500	500
Lo Barnechea	1500	500
Lo Espejo	1500	500
Lo Prado	1500	500
LoBarnechea	1500	500
LoEspejo	1500	500
LoPrado	1500	500
Macul	1500	500
Maipu	1500	500
Maipú	1500	500
MAIPﾚ	1500	500
Mall plaza Oeste	1500	500
MIRAFLORES	1500	500
nos	1500	500
Nunoa	1500	500
NUﾑOA	1500	500
Ñuñoa	1500	500
Paine	1500	500
Palolen	1500	500
Pedro Aguirre Cerda	1500	500
PedroAguirreCerda	1500	500
Penalolen	1500	500
Peñalolén	1500	500
Pelolen	1500	500
Pelol駭	1500	500
Pirque	1500	500
Providencia	1500	500
Pudahuel	1500	500
Puente Alto	1500	500
PuenteAlto	1500	500
QUIICURA	1500	500
Quilicura	1500	500
Quilucura	1500	500
Quinta Normal	1500	500
QuintaNormal	1500	500
Recoleta	1500	500
Renca	1500	500
San Bernardo	1500	500
San Joaquin	1500	500
San Joaquín	1500	500
San Joaqu匤	1500	500
SAN JOSE DE MAIPO	1500	500
San José de Maipo	1500	500
San Miguel	1500	500
San Ramon	1500	500
San Ramón	1500	500
San Ram	1500	500
SanBernardo	1500	500
SanJoaquin	1500	500
SanJoaqu匤	1500	500
SANJOSEDEMAIPO	1500	500
SanMiguel	1500	500
SanRamon	1500	500
Santiago	1500	500
Santiago centro	1500	500
SANTIAGO MAYORISTA	1500	500
Vitacura	1500	500
ФОA	1500	500
ﾑUﾑOA	1500	500
ﾑua	1500	500
Calafquen	1500	500
Carahue	1500	500
chocol	1500	500
Cholchol	1500	500
Cunco	1500	500
Curacautin	1500	500
Curacautín	1500	500
CURACAUTÌN	1500	500
Curarrehue	1500	500
Ercilla	1500	500
Freire	1500	500
GALVARINO	1500	500
Gorbea	1500	500
Huiscapi	1500	500
lanco	1500	500
Lautaro	1500	500
Lic疣 Ray	1500	500
Loncoche	1500	500
Lonquimay	1500	500
Lumaco	1500	500
Mafil	1500	500
Máfil	1500	500
Malalhue	1500	500
Melipeuco	1500	500
M畴il	1500	500
Nueva Imperial	1500	500
Padre Las Casas	1500	500
PAILAHUEQUE	1500	500
Panguipilli	1500	500
Panguipulli	1500	500
Perquenco	1500	500
Pitrufquen	1500	500
Pitrufquén	1500	500
Pitrufqu駭	1500	500
Pucon	1500	500
Pucón	1500	500
Puc	1500	500
Puren	1500	500
Purén	1500	500
Pur駭	1500	500
Saavedra	1500	500
Temuco	1500	500
Teodoro Schmidt	1500	500
Teodoro Schmindt	1500	500
Tirúa	1500	500
Toltén	1500	500
Traiguen	1500	500
Traiguén	1500	500
Traigu駭	1500	500
TREMUCO	1500	500
Victoria	1500	500
VILCUN	1500	500
Vilcún	1500	500
Villarica	1500	500
Villarrica	1500	500
TIL TIL	1500	500
TILTIL	1500	500
Til-Til	1500	500
Futrono	0	0
Los Lagos	0	0
Mariquina	0	0
Paillaco	0	0
San José de la Mariquina	0	0
SAN JOSE LA MARIQUINA	0	0
Cauquenes	2250	1500
Chanco	2250	1500
Colbun	2250	1500
Colbún	2250	1500
Constitucion	2250	1500
Constitución	2250	1500
CONSTITUCIﾓN	2250	1500
Constituci	2250	1500
Curepto	2250	1500
Empedrado	2250	1500
Linares	1800	1200
LINARS	1800	1200
LONGAVI	2250	1500
Longaví	2250	1500
LONTUE	2250	1500
MAULE	2250	1500
Ñiquén	2250	1500
Parral	2250	1500
Pelluhue	2250	1500
Pencahue	2250	1500
Río Claro	2250	1500
R卲 Claro	2250	1500
San Clemente	2250	1500
San Javier	2250	1500
San Rafael	2250	1500
Talca	1800	1200
Villa Alegre	2250	1500
Yerbas Buenas	2250	1500
Casa blanca	2250	1500
Casablanca	2250	1500
Algarrobo	2250	1500
Cartagena	2250	1500
El Quisco	2250	1500
El Tablo	2250	1500
El Tabo	2250	1500
HUALLILEMU SUR	2250	1500
Isla Negra	2250	1500
Las cruces	2250	1500
Litoral	2250	1500
LLO LLEO	2250	1500
LLO-LLEO	2250	1500
San Antonio	2250	1500
Santo Domingo	2250	1500
Antfagasta	1800	1200
ANTOFAAGSTA	1800	1200
Antofagasta	1800	1200
Hornitos	1800	1200
MEJILLONES	1800	1200
Taltal	1800	1200
Chepica	2250	1500
Chépica	2250	1500
Chimbarongo	2250	1500
Las Cabras	2250	1500
Litueche	2250	1500
Malloa	2250	1500
Nancagua	2250	1500
Navidad	2250	1500
Peralillo	2250	1500
Peumo	2250	1500
PICHIDEGUA	2250	1500
Pichilemu	2250	1500
Placilla	2250	1500
Pumanque	2250	1500
Rengo	2250	1500
San Fernando	1800	1200
San Vicente	2250	1500
SAN VICENTE DE T.T.	2250	1500
San vicente de tagua tagua	2250	1500
San Vicente de TT	2250	1500
SAN VICENTE T  T	2250	1500
SAN VICENTE T T	2250	1500
SAN VICENTE T. T.	2250	1500
SAN VICENTE TT	2250	1500
Santa Cruz	2250	1500
Valdivia	1800	1250
Alto Del Carmen	0	0
Andacollo	0	0
Chile Chico	0	0
Cisnes	0	0
Cochamó	0	0
Codegua	0	0
CORRAL	0	0
Futaleufu	0	0
Futaleufú	0	0
Hualaihue	0	0
Hualaihué	0	0
META	0	0
Monte Patria	0	0
Paredones	0	0
PENDIENTE	0	0
Pica	0	0
Pichidangui	0	0
Primavera	0	0
Punitaqui	0	0
Retiro	0	0
San Pedro	0	0
Achao	2250	1500
Ancud	2250	1500
Castro	2250	1500
Chiloe	2250	1500
CHONCHI	2250	1500
Curaco de Vélez	2250	1500
Curaco De V駘ez	2250	1500
Dalcahue	2250	1500
Maullín	2250	1500
Quellon	2250	1500
Quellón	2250	1500
Quemchi	2250	1500
QUINCHAO	2250	1500
Caldera	2250	1500
Chanaral	2250	1500
Chañaral	2250	1500
Copiapo	2250	1500
CopiapÓ	2250	1500
Copiapo El Palomar	2250	1500
Diego Almagro	2250	1500
Diego de Almagro	2250	1500
Freirina	2250	1500
Tierra Amarilla	2250	1500
Callenar	2250	1500
El Salvador	2250	1500
Huasco	2250	1500
SALVADOR	2250	1500
Vallenar	2250	1500
Coquimbo	1800	1200
La Serena	1800	1200
Paihuano	1800	1200
Vicuna	2250	1500
Vicuña	2250	1500
Coinco	1800	1200
Coltauco	2250	1500
Donihue	2250	1500
Doñihue	2250	1500
Dohue	2250	1500
Graneros	2250	1500
GULTRO	2250	1500
La estrella	2250	1500
Machali	2250	1500
Machalí	2250	1500
MACHALÌ	2250	1500
Marchigüe	2250	1500
Marchihue	2250	1500
Mostazal	2250	1500
OLIVAR	2250	1500
Palmilla	2250	1500
Pelarco	2250	1500
QUINTA DE TILCOCO	2250	1500
QUINTA DE TILCOCO - RANCAGUA	2250	1500
Rancagua	1800	1200
REQUINOA	2250	1500
Requínoa	2250	1500
San Francisco de Mostazal	2250	1500
SAN FRANCISCO MOSTAZAL	2250	1500
La Union	2250	1500
La Unión	2250	1500
La Uni	2250	1500
La Uni	2250	1500
Lago Ranco	2250	1500
Osorno	1800	1200
Puerto Octay	2250	1500
Purranque	2250	1500
Puyehue	2250	1500
Rio Bueno	2250	1500
Río Bueno	2250	1500
Rio Negro	2250	1500
Río Negro	2250	1500
R卲 Bueno	2250	1500
R卲 Negro	2250	1500
Natales	2250	1500
Porvenir	2250	1500
Puerto Natales	2250	1500
Punta Arenas	1800	1200
San Gregorio	2250	1500
Torres Del Paine	2250	1500
Cabildo	2250	1500
Canela	2250	1500
Combarbala	2250	1500
Combarbalá	2250	1500
Illapel	2250	1500
La Ligua	2250	1500
LALIGUA	2250	1500
Los Vilos	2250	1500
Papudo	2250	1500
Petorca	2250	1500
Salamanca	2250	1500
Tongoy	2250	1500
Zapallar	2250	1500
Ovalle	2250	1500
Isla De Pascua	0	0
ALTO BIO BIO	2400	1500
Alto Biobío	2400	1500
Alto Biob卲	2400	1500
Angol	2250	1500
Antuco	2400	1500
Arauco	2400	1500
Bulnes	2400	1500
Cabrero	2400	1500
Canete	2400	1500
Cañete	2400	1500
CARANILAHUE	2400	1500
CAﾑETE	2400	1500
Cate	2400	1500
Chiguallante	2400	1500
Chiguayante	2400	1500
Chillan	2000	1200
Chillán	2000	1200
Chillan Viejo	2000	1200
Chillán Viejo	2000	1200
Chill疣	2000	1200
Chill疣 Viejo	2000	1200
Cobquecura	2400	1500
Coelemu	2400	1500
COHIUECO	2400	1500
Coihueco	2400	1500
Collipulli	1500	500
Concepcion	2000	1200
CONCEPCIÓN	2000	1200
CONCEPCIÒN	2000	1200
CONCEPCION II	2000	1200
Concepci	2000	1200
Contulmo	2400	1500
Coronel	2400	1500
Curanilahue	2400	1500
El Carmen	2400	1500
Florida	2400	1500
Hualpen	2400	1500
Hualpén	2400	1500
Hualp駭	2400	1500
Hualqui	2400	1500
Huelpen	2400	1500
Huepil	2400	1500
Hu駱il	2400	1500
LAGUNILLAS	2400	1500
Laja	2400	1500
Laraquete	2400	1500
Lebu	2400	1500
LOMAS COLORADA	2400	1500
Los Alamos	2400	1500
Los Angeles	2000	1200
Los Angeles Almagro	2000	1200
Los Sauces	1500	500
Los ﾁngeles	#N/D	#N/D
Lota	2400	1500
Mulchen	2400	1500
Mulchén	2400	1500
Mulch駭	2400	1500
Nacimiento	2400	1500
Negrete	2400	1500
Ninhue	2400	1500
Pemuco	2400	1500
Penco	2400	1500
PENUELAS	2400	1500
Pinto	2400	1500
Portezuelo	2400	1500
Quilaco	2400	1500
Quillaco	2400	1500
Quilleco	2400	1500
Quillon	2400	1500
Quillón	2400	1500
Quirihue	2400	1500
Ranquil	2400	1500
Renaico	1500	500
R疣quil	2400	1500
San Carlos	2250	1500
San Fabián	2400	1500
San Ignacio	2400	1500
San Nicolas	2400	1500
San Nicolás	2400	1500
San Nicol疽	2400	1500
San Pedr de la Paz	2400	1500
San Pedro De La Paz	2400	1500
SAN PEDRO DE LAPAZ	2400	1500
SAN PERO DE LA PAZ	2400	1500
San Rosendo	2400	1500
SANTA BARBARA	2400	1500
Santa Bárbara	2400	1500
Santa Juana	2400	1500
Talcahuano	2400	1500
Tome	2400	1500
Tomé	2400	1500
TUCAPEL	2400	1500
Yumbel	2400	1500
Yungay	2400	1500
Calle Larga	2250	1500
CATEMU	2250	1500
Llaillay	2250	1500
Llay Llay	2250	1500
LLAYLLAY	2250	1500
LLAY-LLAY	2250	1500
Los Andes	2250	1500
Panquehue	2250	1500
Putaendo	2250	1500
Rinconada	2250	1500
SALADILLO	2250	1500
San Esteban	2250	1500
San Felipe	2250	1500
Santa Maria	2250	1500
Santa María	2250	1500
Santa Mar僘	2250	1500
Curico	1800	1200
Curicó	1800	1200
CURICO - GD 51180	1800	1200
Hualane	2400	1500
Hualañé	2400	1500
LICANTEN	2400	1500
Licantén	2400	1500
Lincanten	2250	1500
Lolol	2250	1500
Molina	2250	1500
Romeral	2250	1500
Sagrada Familia	2250	1500
Teno	2400	1500
Vichuquen	2250	1500
Vichuquén	2250	1500
Arica	1800	1200
Camarones	1800	1200
Colchane	1800	1200
Pozo Almonte	1800	1200
Putre	1800	1200
Curacavi	2250	1500
Curacaví	2250	1500
_Con Con	2250	1500
Calera	2250	1500
CON CON	2250	1500
Concon	2250	1500
Concón	2250	1500
CONCÒN	2250	1500
Conc	2250	1500
curauma	2250	1500
El Belloto	2250	1500
HIJUELAS	2250	1500
HUANHUALI	2250	1500
La Calera	2250	1500
LA CRUZ	2250	1500
Limache	2250	1500
MAINTENCILLO	2250	1500
Maitencillo	2250	1500
Nogales	2250	1500
Olmue	2250	1500
Olmué	2250	1500
PENABLANCA	2250	1500
Puchuncavi	2250	1500
Puchuncaví	2250	1500
Quillota	2250	1500
Quilpue	2250	1500
Quilpué	2250	1500
Quintero	2250	1500
Quinteros	2250	1500
Renaca	2250	1500
REÑACA	2250	1500
Valparaiso	1800	1200
Valparaíso	1800	1200
Valpara﨎o	1800	1200
Villa Alemana	2250	1500
Vina Del Mar	1800	1200
Vina Del Mar 2	1800	1200
Viña Del Mar	1800	1200
Viña Del Mar 2	1800	1200
Alto Hospicio	1800	1200
Huara	1800	1200
IQUIQU	2250	1500
Iquique	1800	1200
IQUIQUQE	2250	1500
ALERCE	2250	1500
Calbuco	2250	1500
de los lagos	2250	1500
Fresia	2250	1500
Frutillar	2250	1500
FUTILLAR	2250	1500
Llanquihue	2250	1500
Los Muermos	2250	1500
Puerto Monnt	2250	1500
Puerto Montt	1800	1200
puerto montt 2	2250	1500
Puerto Varas	2250	1500
Aysen	2250	1500
Aysén	1800	1200
Ays駭	2250	1500
Chaitén	2250	1500
Cochrane	1800	1200
COYAHIQUE	2250	1500
Coyhaique	1800	1200
palena	1800	1200
Puerto Aysen	1800	1200
PUERTO AYSÉN	2250	1500
Puerto Ays駭	2250	1500
Rio Ibanez	1800	1200
Tolt駭	2250	1500
Tortel	1800	1200
EL MONTE	3500	1500
ISLA DE MAIPO	3500	1500
malloco	2250	1500
Maria Elena	1800	1200
Maria Pinto	1500	500
María Pinto	2250	1500
MariaPinto	2250	1500
Melipilla	2250	1500
Melipillla	2250	1500
Padre Hurtado	2250	1500
Penafllor	2250	1500
Penaflor	2250	1500
Peñaflor	2250	1500
⁠Peñaflor	2250	1500
PEﾑAFLOR	2250	1500
Peflor	2250	1500
San Pedro de Melipilla	2250	1500
Talagante	2250	1500
Calama	1800	1200
San Pedro De Atacama	1800	1200
Sierra Gorda	1800	1200
Tocopilla	1800	1200
